	x	y
AAACAAGTATCTCCCA-1	8500	7474
AAACACCAATAACTGC-1	2788	8552
AAACAGAGCGACTCCT-1	7950	3163
AAACAGCTTTCAGAAG-1	2100	6636
AAACAGGGTCTATATT-1	2375	7115
AAACATGGTGAGAGGA-1	1480	8912
AAACATTTCCCGGATT-1	8156	8792
AAACCGGGTAGGTACC-1	3407	6517
AAACCGTTCGTCCAGG-1	4371	7714
AAACCTAAGCAGCCGG-1	7193	9271
AAACGAAGATGGAGTA-1	1756	8433
AAACGAGACGGTTGAT-1	6917	5678
AAACGGGCGTACGGGT-1	7743	9271
AAACGGTTGCGAACTG-1	5541	9510
AAACTCGGTTCGCAAT-1	6298	9391
AAACTCGTGATATAAG-1	9257	4241
AAACTGCTGGCTCCAA-1	6092	6876
AAACTTAATTGCACGC-1	2306	9151
AAACTTGCAAACGTAT-1	2788	6876
AAAGAATGTGGACTAA-1	8707	9989
AAAGGCTACGGACCAT-1	5197	8912
AAAGGCTCTCGCGCCG-1	5266	8073
AAAGGGATGTAGCAAG-1	5747	4361
AAAGTAGCATTGCTCA-1	3339	7594
AAAGTGTGATTTATCT-1	7950	6756
AAAGTTGACTCCCGTA-1	8087	6516
AAATAACCATACGGGA-1	7537	3163
AAATAAGGTAGTGCCC-1	9395	5199
AAATACCTATAAGCAT-1	6229	7115
AAATAGCTTAGACTTT-1	8776	5798
AAATAGGGTGCTATTG-1	6917	7834
AAATCCGATACACGCC-1	7468	9271
AAATCGCGGAAGGAGT-1	1824	8313
AAATCGTGTACCACAA-1	5334	6756
AAATCTAGCCCTGCTA-1	8432	7834
AAATGATTCGATCAGC-1	9120	4002
AAATGGCCCGTGCCCT-1	2650	7355
AAATGGTCAATGTGCC-1	4990	5439
AAATTAACGGGTAGCT-1	5472	5558
AAATTACACGACTCTG-1	7399	3163
AAATTACCTATCGATG-1	7950	4600
AAATTCCAGGTCCAAA-1	9395	5678
AAATTGATAGTCCTTT-1	3614	8073
AAATTTGCGGGTGTGG-1	3751	7115
AACAACTGGTAGTTGC-1	4371	4840
AACACACGCTCGCCGC-1	7881	7594
AACACGAGACGCGGCC-1	2926	6876
AACAGCTGTGTGGCAA-1	3614	8552
AACAGGATGGGCCGCG-1	3614	4960
AACAGGTAGTATGGAT-1	9257	7355
AACATATCAACTGGTG-1	8294	4720
AACATCGATACGTCTA-1	9257	3523
AACATTGTGACTCGAG-1	5059	9151
AACCAAGACTTCTCTG-1	3132	5798
AACCCATCCCATGATC-1	2444	8193
AACCCGAGCAGAATCG-1	9257	8313
AACCCTACTGTCAATA-1	8087	6277
AACCGAGCTTGGTCAT-1	6298	4361
AACCGCTAAGGGATGC-1	7812	6995
AACCTCGCTTTAGCCC-1	7124	8912
AACCTTTAAATACGGT-1	6160	7954
AACCTTTACGACGTCT-1	7812	3403
AACGAAAGTCGTCCCA-1	2031	8433
AACGATAATGCCGTAG-1	6504	7834
AACGATATGTCAACTG-1	6711	4361
AACGCATGATCTGGGT-1	8638	3882
AACGCGGTCTCCAGCC-1	5954	4241
AACGCTGTTGCTGAAA-1	7950	7954
AACGGACGTACGTATA-1	7812	7474
AACGGCCATCTCCGGT-1	4164	7115
AACGTACTGTGGGTAC-1	4371	7235
AACGTCAGACTAGTGG-1	4233	4361
AACGTCGCTGCACTTC-1	8982	10229
AACGTGCGAAAGTCTC-1	6573	5798
AACTACCCGTTTGTCA-1	9257	7115
AACTAGGCTTGGGTGT-1	5679	8073
AACTCAAGTTAATTGC-1	4509	6038
AACTCCAGAGCGTGTT-1	7812	8672
AACTCCTAATCCCATG-1	7812	2924
AACTCTCAATAGAGCG-1	7881	5678
AACTCTCAGTGTGCTC-1	4302	7834
AACTGGGTCCCGACGT-1	6023	3882
AACTTGCCCGTATGCA-1	3338	4960
AAGACATACGTGGTTT-1	9326	9630
AAGACCAAATAACTCA-1	1893	8912
AAGACCCAACTGAACA-1	5197	8672
AAGACTGCAAGCTACT-1	6160	5798
AAGAGCTCTTTATCGG-1	6780	5678
AAGAGGATGTACGCGA-1	3476	6157
AAGAGGCATGGATCGC-1	6986	5798
AAGAGGCCCTTTGGAA-1	8982	8552
AAGATGGCACCGGACC-1	4164	8552
AAGATTGGCGGAACGT-1	7674	4600
AAGCACCCTGCGTATC-1	6505	8552
AAGCATACTCTCCTGA-1	6229	7834
AAGCCGAAGCGGTTTA-1	8845	7355
AAGCGCAGGGCTTTGA-1	6505	9510
AAGCGTCCCTCATCGA-1	3889	8313
AAGCTAGATCGAGTAA-1	6160	7475
AAGCTCGTGCCAAGTC-1	6504	5678
AAGCTCTTTCATGGTG-1	7055	8313
AAGGAGCGGTTGGTGC-1	4784	4840
AAGGATCGATCGCTTG-1	8982	6157
AAGGATGAGGGACCTC-1	7468	4720
AAGGCGCGTAAAGCTT-1	4096	4361
AAGGCTGTGCTCATCG-1	4646	5080
AAGGGAACGACTGGCT-1	2926	9031
AAGGGACAGATTCTGT-1	7812	4600
AAGGGACTATGCATTC-1	3270	8672
AAGGGTTTGATTTCAG-1	1549	8553
AAGGTATCCTAATATA-1	7055	4481
AAGGTGATAAACCAGC-1	7812	6756
AAGTAGTGACGCGAGG-1	3614	5439
AAGTCAATTGTCGTCA-1	8432	6876
AAGTCTTCTGTGGCCT-1	1687	6157
AAGTGACGACCGAATT-1	3201	6397
AAGTGAGTCGGGTTTA-1	4784	8912
AAGTGCCTTGACTGTA-1	8638	6756
AAGTGCGTTAGAATCT-1	3339	7355
AAGTGTTTGGAGACGG-1	6986	7714
AAGTTCACTCCAAGCT-1	7330	8313
AAGTTCAGTCTGCGTA-1	8638	3642
AAGTTCGGCCAACAGG-1	3820	6996
AAGTTGTGATGTTATA-1	8776	9391
AAGTTTATGGGCCCAA-1	6298	9630
AATAACAACGCTCGGC-1	3545	5798
AATAACACTAGAACAA-1	4096	7714
AATACCTGATGTGAAC-1	8363	10349
AATAGAACAGAGTGGC-1	4646	7714
AATAGAATCTGTTTCA-1	7399	7235
AATAGCTACCGCGTGC-1	9120	3762
AATAGTCCGTCCCGAC-1	5403	8313
AATATCCTAGCAAACT-1	1618	6996
AATATCGAATCAATGC-1	8982	7355
AATATCGAGGGTTCTC-1	8431	4720
AATATTGGAGTATTGA-1	2994	5798
AATCATGTAAAGACTC-1	8225	7953
AATCGCCTCAGCGCCA-1	6917	6157
AATCGCGCAGAGGACT-1	9326	6516
AATCGGTATAGCCCTC-1	8982	9989
AATCGTGAGCCGAGCA-1	7193	9510
AATCTAGGTTTACTTG-1	2581	7714
AATCTATGCCGGAGCC-1	9051	4600
AATCTCTACTGTGGTT-1	2168	6038
AATCTGCGTTGGGACG-1	7812	5319
AATCTGGCTTTCTAGT-1	2513	7594
AATGACAGCAATGTCT-1	3545	7235
AATGACGTAGGATGTC-1	6849	6756
AATGACTGTCAGCCGG-1	4715	4241
AATGATGATACGCTAT-1	7881	4241
AATGATGCGACTCCTG-1	8431	4481
AATGCAACCGGGTACC-1	5541	4481
AATGCACCAAGCAATG-1	8156	3762
AATGTGCCCGAGGTGT-1	3339	8073
AATGTTGTCGTGAGAC-1	8913	9630
AATTAAAGGTCGGCGT-1	4921	6277
AATTAACGGATTTCCA-1	6023	8433
AATTACGAGACCCATC-1	1824	8552
AATTAGCGCTGCAGCG-1	5816	7594
AATTCATAAGGGATCT-1	7743	4241
AATTCATTGTCATGCA-1	2100	9032
AATTCCAAGCATGTAC-1	5472	9391
AATTCGATTCGAGGAT-1	6711	9391
AATTCTAGAGTTAGGC-1	5816	7355
AATTGAACGCTCTGGT-1	7193	6876
AATTGCAGCAATCGAC-1	8500	9151
AATTTGGGACATAGTA-1	7743	3044
ACAAACCATGCGTCCT-1	2582	9151
ACAAAGAAGGTAGGCC-1	1756	6996
ACAAAGCATGACCTAG-1	8156	9031
ACAAATCGCACCGAAT-1	7124	7475
ACAAATGGTAGTGTTT-1	7262	6756
ACAACAGCATGAGCTA-1	6436	5319
ACAAGCAGTGCCTAGC-1	3270	5080
ACAAGGAAATCCGCCC-1	6642	7355
ACAAGGACAAGAGGTT-1	4027	4960
ACAAGGATGCTTTAGG-1	7468	8792
ACAAGGGCAGGCTCTG-1	6711	6756
ACAATAGTCGTACGTT-1	2857	6517
ACAATCCATTTAAACC-1	3683	5798
ACAATGAATACGGAGA-1	3614	8313
ACAATTGTGTCTCTTT-1	8156	7594
ACAATTTGAGCAGTGG-1	7124	4840
ACACAAAGACGGGTGG-1	5334	4361
ACACACCAGGACCAGT-1	7674	6756
ACACATGATCAAATCT-1	2582	8672
ACACCCAGCATGCAGC-1	4921	4361
ACACCTTAAGTAGGGC-1	4440	4481
ACACCTTACTACTTGC-1	9120	6397
ACACGAGACTCCTTCT-1	6367	5199
ACACGGGAACTTAGGG-1	6367	4720
ACACGTAGGCCACAAG-1	9051	8432
ACACTGATCAAGGTGT-1	4784	7714
ACAGAACTGAGAACAA-1	3132	7714
ACAGCGACATTCTCAT-1	8294	8552
ACAGGCACGGATCCTT-1	8019	9750
ACAGGCTTGCCCGACT-1	7468	7834
ACAGGTGGAGGTGAGG-1	4164	7594
ACAGTAATACAACTTG-1	2444	6996
ACATAAGTCGTGGTGA-1	2100	8552
ACATAATAAGGCGGTG-1	5816	4002
ACATCCCGGCCATACG-1	5403	8073
ACATCCTGGTAACTGT-1	8500	6516
ACATCGATCGTTTACC-1	5747	6517
ACATCGGTCAGCCGCG-1	4027	6397
ACATCGTATGCAATGG-1	7055	6876
ACATGGCGCCAAAGTA-1	8638	6277
ACATTAGTTTATATCC-1	5679	7594
ACATTTGAAACCTAAC-1	8294	10229
ACCAAACACCCAGCGA-1	9395	3523
ACCAACACCACACACT-1	9051	3882
ACCAACCGCACTCCAC-1	8156	9271
ACCAACGCTTATTTAT-1	4853	7834
ACCAAGTCATCGGCAG-1	8776	9870
ACCAATATGCAAGTTA-1	6849	8193
ACCACAAGTTTCTATC-1	5197	5079
ACCACCAATGTAACAA-1	8844	6397
ACCACGTGCAGCTATA-1	6711	7235
ACCAGACCATAACAAC-1	1756	6038
ACCAGTGCGGGAGACG-1	7950	7235
ACCATATCCGCAATAA-1	5334	6038
ACCATCCGCCAACTAG-1	2306	6756
ACCATCGTATATGGTA-1	4371	6517
ACCCAACGCCCGTGGC-1	7399	5079
ACCCATCTTGAGGGTA-1	4027	5918
ACCCATTTGTCCCTCT-1	8363	8672
ACCCGGAAACTCCCAG-1	5954	8313
ACCCGGATGACGCATC-1	8363	6037
ACCCGGTTACACTTCC-1	4784	6517
ACCCGTGTCATCAGTA-1	5197	8433
ACCCTATGCCATATCG-1	4233	8193
ACCCTCCCGTCAGGGC-1	8294	9750
ACCCTCCCTTGCTATT-1	7262	7235
ACCCTGGTAACGCCCT-1	9395	4002
ACCGAAGAGTCTGGTT-1	2237	8313
ACCGACACATCTCCCA-1	6092	8792
ACCGACTGAGTCCCAC-1	6023	4840
ACCGAGTCTCCTTATT-1	6918	9989
ACCGATGGTAGCATCG-1	7812	5798
ACCGCAATAACTGCCT-1	6917	7594
ACCGCGGTGGAAGTCG-1	8776	6756
ACCGGGCCTTTGTTGA-1	8225	6995
ACCGGTCAGGTACACC-1	2513	8552
ACCGTCCACTGGGCCC-1	1824	9032
ACCTAAGTACCTTTCA-1	3545	7475
ACCTAATCGACTTCCT-1	3545	5319
ACCTACAGTATGTGGT-1	9257	6397
ACCTACTATAAATCTA-1	5472	9630
ACCTCCGCCCTCGCTG-1	8845	8073
ACCTCCGTTATTCACC-1	9189	5558
ACCTGCGTGTCATGTT-1	2719	6996
ACGAAATGGGCGGCAC-1	3132	5319
ACGACTCTAGGGCCGA-1	7881	9989
ACGAGGATACCACTCT-1	2719	7475
ACGAGGTTTACAACGT-1	2375	8313
ACGAGTACGGATGCCC-1	8638	4840
ACGATACATAGAACTA-1	6986	4121
ACGATCATACATAGAG-1	5816	4481
ACGATCATCTTGTAAA-1	8500	5798
ACGATGCATATGTTAT-1	4440	5918
ACGCAAACTAATAGAT-1	4715	9031
ACGCAATCACTACAGC-1	8982	4481
ACGCATACGTTTACTA-1	8500	8193
ACGCATTCGTGAGTAC-1	5679	5439
ACGCCAGATGATTTCT-1	6504	3523
ACGCCAGTGCGTTTGC-1	8500	10109
ACGCCGCTAGACGACC-1	6367	6636
ACGCGAAGTCAGACGA-1	5541	7355
ACGCGCTACACAGGGT-1	3614	6397
ACGCGGGCCAAGGACA-1	5747	5558
ACGCTAGTGATACACT-1	8363	4840
ACGCTGTGAGGCGTAG-1	2375	6157
ACGGAACACGAGTGCC-1	8432	10229
ACGGACTCTCAAAGCG-1	6642	8792
ACGGAGCGCAAATTAC-1	8913	3642
ACGGATGGTGCGGATA-1	6917	8313
ACGGCACTTGCTTGGG-1	5610	7714
ACGGCCAACATGGACT-1	5266	7834
ACGGCGACGATGGGAA-1	6780	7355
ACGGCTGGATGTAGAA-1	2237	8792
ACGGGAGTGTCGGCCC-1	3201	7115
ACGGTACAGTTCAATG-1	8156	9989
ACGTAGATTGCTGATG-1	6091	5439
ACGTAGGAGAGTCGCT-1	6436	9870
ACGTATTACTCCGATC-1	8156	6397
ACGTCTCGTTCCGGGA-1	1893	6756
ACGTGACAAAGTAAGT-1	1756	7714
ACGTGCGCCTCGTGCA-1	5816	3523
ACGTTAATGTCGAAGA-1	6229	6397
ACGTTAGATTTGCCCG-1	4164	6157
ACGTTCGCAATCAATT-1	9257	5439
ACGTTCGTTCAGGAAA-1	4509	8672
ACGTTCTGTACAAGTC-1	8019	9271
ACTACATCCCGACAAG-1	2650	9031
ACTACCAGCTCTCTGG-1	4302	4481
ACTACGCGTTAGAATT-1	5335	8672
ACTAGTTGCGATCGTC-1	8638	7474
ACTATATGCTGTGTTC-1	8707	3044
ACTATCCAGGGCATGG-1	8913	6037
ACTATCTGCCCGCGTA-1	9257	7834
ACTATTTCCGGGCCCA-1	4302	8552
ACTCAAGTGCAAGGCT-1	7399	8672
ACTCAATAAAGGCACG-1	6229	4481
ACTCCCATTCCTAAAG-1	2650	7115
ACTCCCGAATTCGTTT-1	8638	5319
ACTCCCTAATGCTAAA-1	6229	8313
ACTCCCTAGAATAGTA-1	6298	7235
ACTCCGGCCGACCACT-1	7675	9870
ACTCGCCGTTCGATAA-1	9120	9510
ACTCGTAACCCGTCCT-1	3063	7355
ACTCGTCAGTAATCCC-1	6849	5798
ACTCTCTGACTTAGGT-1	6849	6516
ACTCTGACCTAATAGA-1	8156	9750
ACTCTTGTATAGTAAC-1	6298	5798
ACTGAAACGCCGTTAG-1	7881	8313
ACTGAATGGCGAAAGT-1	7193	7115
ACTGCCGTCGTAACTC-1	6298	3403
ACTGCTCGGAAGGATG-1	2100	7834
ACTGTACGATACACAT-1	6849	5079
ACTGTAGCACTTTGGA-1	4164	4720
ACTGTCCAGGATTATA-1	5266	5439
ACTGTCTTCTTTAGAA-1	5885	5079
ACTTACGCATCCACGC-1	6849	8433
ACTTATACTTACCCGG-1	7674	5798
ACTTATTAGGATCGGT-1	5059	6038
ACTTATTTATGTGCCA-1	7674	6995
ACTTCAGGCTGATCCC-1	7055	7594
ACTTCCAGTGGAAGCT-1	1687	8313
ACTTCCATGCGGGACA-1	7330	8792
ACTTCGCCATACGCAC-1	6642	4720
ACTTGACTCCCTCTTT-1	6436	6517
ACTTGGGACCCGGTGG-1	4853	4960
ACTTGTAGTCCCTTCA-1	2169	6756
ACTTGTGGATGGAACG-1	8913	7714
ACTTTACCCTCATGAA-1	8776	5319
ACTTTCCTATAGCTTC-1	5747	4840
ACTTTGACTGCATCCT-1	2237	6157
ACTTTGGTCGTGCTCC-1	2375	8792
AGAACCCTCAATTGGG-1	2100	8792
AGAACGTGGTACATTC-1	6504	4720
AGAAGAGCGCCGTTCC-1	7537	6037
AGAAGGTACACTTCAC-1	2444	7714
AGAAGGTTGCCGAATT-1	4509	6517
AGAAGGTTGTAGGTCG-1	6849	9151
AGAAGTGATTCGTGAT-1	3407	7235
AGAATGCGGGTTCGGA-1	8913	2924
AGAATTATGGATTCGA-1	8225	5319
AGACCAAACCACACCT-1	2100	7594
AGACCCACCGCTGATC-1	5954	7355
AGACCCGCCCTCCTCG-1	5334	4600
AGACCGCTCCGCGGTT-1	9120	7594
AGACCGGGAAACCCTG-1	2650	6397
AGACGAAGTGCCGGTC-1	8156	7355
AGACGACGATGCCGCT-1	3752	7834
AGACTAGCCTTCCAGA-1	4646	4840
AGAGAACCGTCTAGGA-1	7537	4600
AGAGAAGGAGTACAAT-1	3820	8433
AGAGATCTCTAAAGCG-1	2719	6277
AGAGCCGCCGAGATTT-1	9189	8432
AGAGGCTTCGGAAACC-1	8432	7594
AGAGTAAACTTCACTA-1	8776	7235
AGATAACTTCAGGGCC-1	4508	5319
AGATACCAATAGAACC-1	9051	9151
AGATACCGGTGTTCAC-1	4096	6277
AGATACTCAAGATCGA-1	7124	6995
AGATATAATACGACTA-1	6436	9151
AGATCGTGCATAAGAT-1	8156	4002
AGATCTCAGGTGTGAT-1	6642	4960
AGATGACTCGCCCACG-1	5266	4002
AGATGAGGGTTGCGAT-1	8225	3163
AGATGATGGAGTCTGG-1	8776	5558
AGATGCAAGACGTGCA-1	3132	8433
AGATGCATCCTGTGTC-1	1893	7235
AGATTATAGGACGTTT-1	5197	5798
AGATTCACAACCGATA-1	2375	7834
AGCAAAGGCCGCTAGT-1	6436	8672
AGCAACATATCTTATT-1	7881	6397
AGCAACCGAAAGTAAT-1	2857	8193
AGCACCAGTACTCACG-1	5954	4720
AGCACTACCTCACCAG-1	7055	7834
AGCACTTAAGGACGCC-1	3889	5199
AGCAGAAGGAGAAAGA-1	6160	9151
AGCAGCCAGATGAATA-1	5472	8193
AGCATATCAATATGCT-1	8019	7594
AGCATCATTTCGAAAG-1	2788	7834
AGCATCGTCGATAATT-1	5059	4121
AGCATTACGAGGCAAG-1	8707	9510
AGCCAAGCTTTGTGTC-1	5472	9151
AGCCACAGGTTACCCG-1	7606	9031
AGCCACTCCCGTGCTT-1	7055	4241
AGCCCATACATGTAAG-1	3270	6517
AGCCCGCACTACAATG-1	9120	10229
AGCCCGGTAGCCTGTA-1	4853	8792
AGCCCTTCTAATCCGA-1	8569	3523
AGCCGTGGCTAAATGT-1	2994	7475
AGCCTAATACCCACGT-1	2444	7475
AGCGACAGGAACGGTC-1	4027	7594
AGCGACCAACGATATT-1	5266	4481
AGCGATGCGCCTAATA-1	8913	9151
AGCGCATAATGAATCG-1	5266	8313
AGCGCGGGTGCCAATG-1	7812	4361
AGCGGACACTTCGTAG-1	5747	8912
AGCGGCGGTTAGCGGT-1	2306	7475
AGCGGGTCTGACACTC-1	6023	9391
AGCGTGGTATTCTACT-1	6367	6876
AGCTAAGTACGCAGGC-1	7399	9151
AGCTAGAAGCAGAAGT-1	8294	4002
AGCTATTTAATCCAAC-1	6573	3403
AGCTCCATATATGTTC-1	8982	8313
AGCTCCTTCGCACATC-1	7399	7714
AGCTCTAGACGTTCCA-1	6711	6037
AGCTCTTCCCAGTGCA-1	7537	3642
AGCTCTTCGTAACCTT-1	8844	6157
AGCTCTTTACTCAGTT-1	4577	6397
AGCTGAAGTAAACCAA-1	7261	3882
AGCTGTAACCTCAATC-1	3407	7954
AGCTTCTTCTCGAGCA-1	8363	9630
AGCTTGATCTTAACTT-1	3063	6397
AGGAAGCTGTCCGCCG-1	5954	8792
AGGACAGTCGAATCCC-1	7330	6636
AGGACGACCCATTAGA-1	4577	6636
AGGACGCTCGATGTTG-1	8225	3642
AGGAGGCCTTCGCGCG-1	8225	7714
AGGATAAAGTCGGGAT-1	5954	7834
AGGATATAGGGATTTA-1	8087	6995
AGGATATCCGACTGCA-1	8019	9989
AGGATCACGCGATCTG-1	2581	7235
AGGCAGATGCGTAAAC-1	7399	4600
AGGCAGGGAGCGTACT-1	4853	8552
AGGCATTGTCGTAGGG-1	8294	7355
AGGCCACCCGTTATGA-1	4096	4840
AGGCCCTAGAACGCCA-1	3201	6876
AGGCCTGAGAATCTCG-1	7537	8912
AGGCGGTTTGTCCCGC-1	2650	8552
AGGCGTCTATGGACGG-1	9188	3403
AGGCTTCCCGAAGAAG-1	4371	7475
AGGGAAACGAGGTACT-1	7606	3044
AGGGACCGGCTGCGTT-1	9051	5798
AGGGACTCTACGCGAC-1	5128	8073
AGGGAGACATACTTCG-1	9257	4960
AGGGCGAGCAGCTGAT-1	2857	6756
AGGGCTGCAGTTACAG-1	5954	5678
AGGGTCAGTAACCCTA-1	9257	3283
AGGGTCGATGCGAACT-1	8156	5918
AGGGTGCTCTCGAGGG-1	7812	5558
AGGGTTCCCTTTGGTT-1	7537	5079
AGGGTTTAGTTCGGGA-1	5816	5439
AGGTAGGTACAAAGCT-1	3614	5678
AGGTATAATTGATAGT-1	8982	5678
AGGTCAGGTGAGAGTG-1	2857	6996
AGGTCGCGGAGTTACT-1	8638	4600
AGGTGCACGTCCACAT-1	8638	9870
AGGTGGTGACCTTCGC-1	5335	9151
AGGTTACACCATGCCG-1	9395	6636
AGGTTGAGGCACGCTT-1	6573	4121
AGGTTTCACACACCTT-1	6091	6397
AGTAACTATAGCAGCC-1	8845	9989
AGTACAGAAGCTTATA-1	6780	9989
AGTACATCATTTATCA-1	8982	4960
AGTACGGGCACCTGGC-1	6917	4481
AGTACTCTTATGCCCA-1	7537	8193
AGTAGGAAGGAAGTTG-1	8225	3403
AGTATGCTGGAGACCA-1	3270	8433
AGTATTTGGCACGACC-1	5059	8433
AGTCAACACCACCATC-1	4715	6397
AGTCAAGATGACACTT-1	7674	7235
AGTCACTAGCTCTCGA-1	8294	8073
AGTCCATTGGCTGATG-1	8363	6516
AGTCCCGCCTTTAATT-1	7881	3523
AGTCGACGGTCTCAAG-1	7674	6037
AGTCGGCCCAAACGAC-1	4164	4481
AGTCGGCTCAACTTTA-1	3063	7115
AGTCGGTTGCGTGAGA-1	9189	6277
AGTCGTATAAAGCAGA-1	7055	9271
AGTCGTCGACCACCAA-1	7743	8313
AGTCGTGGGCATTACG-1	3476	7594
AGTCTAAAGTATACTC-1	9120	4960
AGTCTCACAAGACTAC-1	3545	7954
AGTCTTCTCCTCAAAT-1	6023	4361
AGTCTTTAAAGTGTCC-1	6780	9510
AGTGAACAAACTTCTC-1	8500	6756
AGTGACCTACTTTACG-1	5059	6756
AGTGAGACTTCCAGTA-1	7468	5678
AGTGAGCCTCGCCGCC-1	8569	4960
AGTGAGTCGAATTAAC-1	8982	9510
AGTGATAACCTGCGCG-1	7606	8552
AGTGATATGAGTAGTT-1	4853	6876
AGTGATTCAAGCAGGA-1	7468	5439
AGTGCACGCTTAAGAA-1	8087	7714
AGTGCGTAGCTCGTAA-1	4371	6996
AGTGCTAAACACAGCA-1	7743	8792
AGTGCTTGCACGAATA-1	7606	6397
AGTGGCCCGCAAATGG-1	8019	10229
AGTGGCGGCAATTTGA-1	7950	4361
AGTGGCGTCTGAAGGT-1	7399	8912
AGTGGCTCCGTCGGCC-1	2306	6277
AGTGGTGTTACCCGTG-1	2100	7115
AGTGTATTGCGCATTG-1	8018	3523
AGTTAAACACTTGCGA-1	4509	6277
AGTTAAGCGGTCCCGG-1	6986	3403
AGTTAAGTCAACCGCT-1	3201	7594
AGTTACTCTATCGTGG-1	7606	3283
AGTTCCTACAGAATTA-1	4921	5079
AGTTCCTATTTATGTT-1	5954	6636
AGTTGACGGTCCTTGC-1	5816	9271
AGTTGGCAAGGCTAGA-1	8776	9630
AGTTTGCACCTGCCTC-1	6573	8433
AGTTTGGCACGGGTTG-1	8500	7235
AGTTTGGCCAGACCTA-1	3614	7115
ATAAACGGACCCGTAA-1	5679	7115
ATAAACGTTGCACCAC-1	8845	8313
ATAAAGGCTCGGTCGT-1	4921	5559
ATAAATATTAGCAGCT-1	3407	6038
ATAACGCCGGAGGGTC-1	7055	5678
ATAACGGAGTCCAACG-1	6642	4481
ATAAGGTGGAGAACAT-1	6436	7475
ATAAGTAGGATTCAGA-1	8569	4720
ATAAGTAGGGCGACTC-1	8913	5798
ATAAGTTACCGCGACG-1	5059	6996
ATAATAGCTGTTGAAT-1	5816	7115
ATAATCTTGGAGAACC-1	6780	8792
ATAATTAGCTAAGTAG-1	5885	9151
ATACAGGCCCTCCAAT-1	6436	8193
ATACCACGGGCAACTT-1	3476	5678
ATACCGTCATCCATAA-1	9395	3283
ATACCTAACCAAGAAA-1	5885	8433
ATACGCCGGCGAAACC-1	6849	6277
ATACGGAACGTCGTTT-1	2994	8193
ATACGGGTTTCGATTG-1	7124	4121
ATACGTACTTAGCCAC-1	6780	8073
ATACGTCCACTCCTGT-1	7881	7115
ATACGTTATGCACGGA-1	5816	9031
ATACTACCCGTACCAC-1	8707	8552
ATACTAGCATGACCCT-1	5678	4002
ATACTGCCTTACACCG-1	7262	8433
ATAGACAACGGGACCT-1	7812	4840
ATAGACGAAGAGAAAG-1	4577	5439
ATAGAGTACTGGGACA-1	4784	4600
ATAGAGTTATCAACTT-1	7881	4720
ATAGCAACTAGGGAAG-1	8225	8912
ATAGCCATAACAGTCA-1	9326	10109
ATAGGCGGCTATAGAA-1	3751	6636
ATAGGCTAGCTTCGCA-1	8156	4481
ATAGGGATATCCTTGA-1	6367	4002
ATAGGTTGGGCAGATG-1	5885	4840
ATAGTGAAGCGTTCTC-1	5403	6397
ATAGTTCCACCCACTC-1	8500	6037
ATATAAAGCGCTCGTG-1	6160	8433
ATATAAATGTAGCTGC-1	6573	7954
ATATAACACGGGCGCA-1	7950	9391
ATATACATGTATGGTA-1	1549	7355
ATATACGCTCGTGACG-1	8913	8912
ATATAGAGTATTGGTC-1	2237	9032
ATATCAACCTACAGAG-1	8707	5918
ATATCAATTCCAGCCT-1	1893	8193
ATATCGGTAGGGAGAT-1	9051	6037
ATATCGTTCCTCGAAC-1	7812	8433
ATATCTCCCTCGTTAA-1	7468	3762
ATATCTTAGGGCCTTC-1	5679	5678
ATATGTCTCCCTAGCC-1	8156	5678
ATATTCAGTTAAACCT-1	4233	6756
ATATTCCACATAGTGA-1	6780	7594
ATATTTAACCCTCAAG-1	5266	5199
ATCAAACACTGTTCCA-1	8845	7115
ATCAAACGAAGGTTTG-1	3751	7355
ATCAATCTGGGCTGCA-1	5954	5439
ATCAATGCCGTGGCTG-1	2788	8792
ATCACATTAGAATATC-1	7124	3882
ATCACGTGCTAATTAA-1	3958	6996
ATCACTTCATCCTCGC-1	6091	4002
ATCAGACGGCACGCCG-1	4371	6756
ATCAGCCTCATGCTGC-1	7468	8313
ATCAGCTCGTCCACTA-1	2513	7355
ATCAGTAGGCAGGGAT-1	7468	4241
ATCATAGCCCTATGTA-1	8776	8912
ATCATCCAATATTTGT-1	5541	6157
ATCATTGTACCGCATT-1	1549	9032
ATCCAACGCAGTCATA-1	4027	4481
ATCCAATGGAGGGTCC-1	3339	6636
ATCCACATCGACAGAA-1	6436	8912
ATCCAGAGCAACAACC-1	5059	7475
ATCCAGGATTCGTGAA-1	4646	6277
ATCCCATCCACAGCGC-1	2444	8912
ATCCTACCTAAGCTCT-1	4784	6756
ATCCTGAATCGCTGCG-1	3270	6038
ATCCTGCGTGGAATGG-1	4715	6876
ATCGACCCAATACAGA-1	5816	6636
ATCGACTCTTTCCGTT-1	5678	4241
ATCGCACGCCGGGAGA-1	5403	4481
ATCGCCAGTCAACATT-1	8707	6876
ATCGCTGCGTGCAGCA-1	9120	4241
ATCGGAGACAGACGGC-1	6711	7714
ATCGGCAAGCAGTCCA-1	8087	3882
ATCGTTAGCTAGCGGA-1	8225	8433
ATCTAATATCCTACGG-1	6092	8073
ATCTACCATCTGCTCC-1	7537	9870
ATCTAGCTTGTGAGGG-1	5954	9510
ATCTCCCACGGAATAT-1	8913	8672
ATCTCCCTGCAATCTA-1	6436	3403
ATCTGCACCTCTGCGA-1	8431	4960
ATCTGCTGTTATCGCC-1	5403	9510
ATCTGGGCTGTTCTTG-1	6229	8792
ATCTGGTTAAGACTGT-1	6711	4600
ATCTTATCGCACACCC-1	8638	9151
ATCTTGACCTGCAACG-1	4508	4600
ATCTTGACTTGTCCAA-1	8913	5079
ATGAAGCCAAGGAGCC-1	4646	4121
ATGACGCGTTCTATCC-1	3545	7714
ATGACTATGCGACATT-1	7537	7235
ATGAGGAGTGTTAATC-1	3889	4481
ATGATGCAATGGTACA-1	4921	6756
ATGCACGCGCTGTTCA-1	2237	8552
ATGCACTACCGCATTG-1	4577	4720
ATGCATGATCCAGGAT-1	5954	4481
ATGCCAATCGCTCTGC-1	8707	3283
ATGCCATTTGCGACCA-1	7743	6636
ATGCCGGTCTTGCATA-1	6642	5199
ATGCCGGTTGATGGGA-1	7193	3762
ATGCGACAATTGGTCC-1	8982	3044
ATGCGACAGTCCCATT-1	6367	5678
ATGCGAGTCCCACCAC-1	8638	7235
ATGCTCTGGCGCGGTA-1	6711	8672
ATGCTTAGGAGTTGAT-1	9189	8193
ATGGAAATTTAAGGAG-1	1962	7834
ATGGAGCAGGCCGTGA-1	6023	5798
ATGGATCCGGCGTCCG-1	6917	3762
ATGGATTGACCAAACG-1	5678	4720
ATGGCAGCATTACGAT-1	2719	9151
ATGGGCCTCGGCCTCT-1	7743	6876
ATGGTCGCGTGGTTTC-1	7330	6876
ATGTAAGGCTGCTCTT-1	9189	5319
ATGTACATGCGGTGAG-1	9189	9151
ATGTACGATGACGTCG-1	5885	9391
ATGTAGCGCGCGTAGG-1	6436	9630
ATGTGAAAGCCTAATG-1	2994	6996
ATGTGCATCCGACGCA-1	5403	4241
ATGTGGACATCTTGAT-1	6367	7115
ATGTTGATTAGAGACT-1	7812	9630
ATTAAACATGCGGACC-1	5541	6636
ATTAATACTACGCGGG-1	6023	4121
ATTAATGAACCAGTCG-1	6917	4241
ATTACATGTCAGTCTT-1	8913	7474
ATTACGCGCTGGCAGG-1	3545	6277
ATTACTTACTGGGCAT-1	8363	4121
ATTAGATTCCTCAGCA-1	8707	4481
ATTAGGCGATGCTTTC-1	6367	5918
ATTATACTTTGCTCGT-1	6848	3642
ATTATAGCTACTTTAC-1	9395	5439
ATTATGCCATAGGGAG-1	5128	4002
ATTATTATGTCCGTCA-1	4027	8552
ATTATTCAGAGTCACT-1	8156	9510
ATTCAACCATTTAAGG-1	8363	8433
ATTCACTGATGTTGGA-1	6160	8193
ATTCAGGACCTATTTC-1	8225	3882
ATTCATATACTGTCCA-1	5610	6996
ATTCATCGTTGAGGCA-1	7606	8792
ATTCCCGAAGGTACAG-1	1480	8672
ATTCCTAAGACGTGGA-1	8844	3283
ATTCGACGCCGGGCCT-1	3270	5798
ATTCGCGCCTTGAGAG-1	8845	9271
ATTCGTGCTATCTCTT-1	9051	6516
ATTGAAGATCTTAGTG-1	4853	5199
ATTGACCGGCGATGAC-1	9326	3882
ATTGATCACCACATTT-1	2031	7714
ATTGATGAGTCCTAAC-1	8294	5439
ATTGCCTTTATGTTTG-1	7262	9151
ATTGCGATCAGTAACT-1	8294	7594
ATTGCTGCTCCTCCAT-1	4440	5678
ATTGGATTACAGCGTA-1	8500	7953
ATTGGTTGTGCATTAC-1	8776	10109
ATTGTACAACTCGGCT-1	8569	5678
ATTGTCGCAATACCTT-1	7330	3283
ATTGTGACTTCGCTGC-1	8982	2804
ATTTACAGTTTACTGG-1	4096	5080
ATTTACTAAGTCCATT-1	9120	5199
ATTTCCGGGTTCTGCG-1	3889	8073
ATTTGCGCGAGTAGCT-1	3614	7834
ATTTGGAGATTGCGGT-1	1480	8433
ATTTGTCTTGGGAGCT-1	7262	6277
ATTTGTTCCAGGGCTC-1	6367	3762
CAAACCCTCCGGCGGG-1	6298	9870
CAAACGAGTATCGCAG-1	4715	7115
CAAACGGTCGCACTTT-1	4233	5080
CAAACTCGCGACGCCG-1	9120	6876
CAAAGATTATTGGGCC-1	3545	8193
CAAATCTCTCACAAGG-1	3132	6756
CAAATGTCCTTCCGTG-1	5128	6876
CAACCTACCGAGCAGT-1	8569	8792
CAACGACCCGTTTACA-1	4921	3882
CAACGTGGTGGAGTCT-1	9257	8073
CAACTATATCGAATGC-1	6917	3283
CAACTGCTCATCCGAT-1	5266	8552
CAAGAGGGCGGAGTAC-1	6573	6996
CAAGATATTATAACGT-1	7606	6876
CAAGCAACGTCGGAGT-1	4096	5319
CAAGCACCAAATGCCT-1	6023	3642
CAAGCGGCACATAATT-1	6436	7954
CAAGGATCGCATGTTC-1	6160	6277
CAAGGCCAGTGGTGCA-1	8363	9391
CAAGGTCCTATAGGCT-1	9051	5558
CAAGTGTGGTTGCAAA-1	7950	6277
CAATAAACCTTGGCCC-1	6573	4600
CAATACGCTCTGAGGC-1	2168	6277
CAATATTCTTGACCTA-1	4233	7954
CAATCCCTATACCAGC-1	7537	2924
CAATGCGAGAAGTATC-1	7124	7954
CAATGGATCTCTACCA-1	7399	4840
CAATGTGCCAACCCTT-1	9395	5918
CAATTAAGGGTGATGA-1	5954	4960
CAATTGGGCCGCACTC-1	1756	8193
CAATTTCGTATAAGGG-1	5816	5918
CACAAGAAAGATATTA-1	9188	3163
CACAATGAGCTGCTAT-1	4921	6517
CACACACGCTAACGAG-1	8569	8073
CACACGCGCTGTCTTA-1	7606	5439
CACAGCACCCACGGCA-1	5541	5199
CACAGCTAGGGAGTGA-1	5610	3882
CACAGGGCCATATAGT-1	8156	8313
CACAGGGCCGTTGTCA-1	5610	8912
CACAGTCCCGCTTCGC-1	9189	8672
CACAGTTCGCTTCCCA-1	9326	7953
CACATATTAGCAGGAT-1	6504	7115
CACATCTCACCGACGA-1	6642	8313
CACATGATTCAGCAAC-1	5885	6038
CACATTCTTTCGATGG-1	7674	3642
CACATTTCTTGTCAGA-1	8913	6756
CACCAATCATCCGTCT-1	1756	7954
CACCACGCCACACAGA-1	2031	6277
CACCAGTCAGCATGCA-1	2994	8672
CACCATGATCGCAAAG-1	9326	2924
CACCCAAATCTTATGT-1	8707	5678
CACCCACGAGGCAATT-1	7399	3882
CACCCGGTTTGTGACT-1	4164	7834
CACCCTAACAAGATCT-1	6986	8193
CACCCTTGGTGAGACC-1	2581	7475
CACCGCCAGAAGGTTT-1	5541	4720
CACCGCGTCCACTCTA-1	8638	3403
CACCGGGCATCACAAG-1	7950	10109
CACCGTATCCCATCCG-1	8638	7714
CACCGTTAGGGATCAC-1	4027	7834
CACCGTTGCGCGATAT-1	3476	7115
CACCTAATCAGTTTAC-1	6436	3882
CACCTCGATGGTGGAC-1	6298	3642
CACCTTGCGAAACTCG-1	7261	4361
CACCTTGGCGCCTTTG-1	8569	6636
CACGAAAGTTAGTCCC-1	3476	5439
CACGCACAGCGCAGCT-1	6436	4361
CACGCAGCGAGGCTTT-1	4440	5199
CACGCGGAACTGTTGC-1	8225	6516
CACGGCGCGCCAAAGG-1	8569	3283
CACGTCGGCAACCTCT-1	4027	7355
CACGTTCGTGCTCTAG-1	7055	5918
CACGTTTCGTACACAC-1	7743	8073
CACTAAAGTTGCCTAT-1	4990	5678
CACTACGGGAGCTGCC-1	8845	8552
CACTCAAGAGCTATGG-1	5403	6157
CACTCCTATGTAAGAT-1	3958	8193
CACTCCTCTCGGTCGG-1	7468	3283
CACTCGAGCTGAACAA-1	6573	7235
CACTCTTCTGCTAGCC-1	8432	8552
CACTGACGATTGTGGA-1	4990	9271
CACTTAATCAGACGGA-1	4784	5559
CAGAACTTAGCCCTCT-1	7330	7834
CAGAATAACACACGGA-1	9120	8073
CAGACACCGATCGCTG-1	4990	7834
CAGACCTGTAAGTGTT-1	8294	5199
CAGACGAACCTGATAC-1	4922	7475
CAGAGACGGTCACCCA-1	5403	7594
CAGAGCATGAGCTTGC-1	6298	4600
CAGAGGCGATGCATGA-1	4784	7954
CAGATAATGGGCGGGT-1	8500	9391
CAGATACTAACATAGT-1	4646	4600
CAGATCATTTAAAGTC-1	8913	4121
CAGATCCTGGTTTGAA-1	2650	8073
CAGATGTTTGTCCCAA-1	1618	7714
CAGCAGCCCGTTCCTT-1	6849	4840
CAGCAGTCCAGACTAT-1	8363	7474
CAGCAGTCTGTGCTGC-1	6573	8912
CAGCCTCCTGCAGAGG-1	6780	4241
CAGCCTCTCCTCAAGA-1	8018	3283
CAGCGATTCCCTTCAA-1	4440	7834
CAGCTCACTGAGACAT-1	5541	5439
CAGCTCGACAAGTTAA-1	7674	4840
CAGCTGGCGTAACCGT-1	2994	7235
CAGCTTAGTAGGTAGC-1	3407	5319
CAGGATATATCGTTGT-1	5610	6756
CAGGCAGTCTTACCAG-1	7330	9271
CAGGCCGTTTGGGTGT-1	4440	6157
CAGGCGCACGGTGGTC-1	3407	8193
CAGGCGCCATGCTAGG-1	6504	7355
CAGTAACTATTTATTG-1	8431	3762
CAGTAAGGGACGTCTC-1	1756	9151
CAGTACATTCTCTAAA-1	8500	3882
CAGTACCAGTTTACGT-1	2719	7235
CAGTAGCCCACGCGGT-1	7743	4481
CAGTCGAGGATGCAAT-1	8294	4481
CAGTCGGCCTAGATAT-1	1687	6876
CAGTCTGTATACTGGG-1	6023	6517
CAGTGAATAAATGACT-1	7193	4481
CAGTGTCGGCTGGCCC-1	7812	7714
CAGTTCAAATTGACAC-1	4990	4960
CATAACGGACAGTCGT-1	7950	5798
CATAAGAAGCTTGGCT-1	6436	8433
CATAAGCTCTCCGTCT-1	2444	6517
CATACACAAAGTCAGC-1	1480	8193
CATACACGGTTCCCAC-1	5266	8792
CATACCCGTACCCAGT-1	3614	5918
CATACGGCGTCTGGGC-1	5816	6157
CATACTATGTAATTGT-1	4784	5798
CATACTTAGGCAATAC-1	9257	5918
CATAGAGGAGATACTA-1	7468	9750
CATAGCGTTGCCCACC-1	4371	7954
CATAGTACATTGAGAG-1	6780	3283
CATAGTCAAATACATA-1	7881	9271
CATAGTCCACAAGAAC-1	3614	6876
CATATACTACTGATAA-1	8500	3642
CATATAGGTACAGTCA-1	5266	6636
CATATGTCAGGCTACG-1	3132	7235
CATCATTACCCTGAGG-1	7950	7714
CATCCTCTCAAAGATC-1	7812	7954
CATCGGACGGGTTAAT-1	5472	6517
CATCTATCCCGTGTCT-1	8363	3642
CATCTTACACCACCTC-1	8294	5918
CATGACTTCGCTGAAT-1	8776	6277
CATGAGATGCACTCTC-1	6917	8552
CATGATGCACAATTCT-1	6229	4002
CATGATGGAAGTTAGC-1	8569	6876
CATGCCAACTCGCAAA-1	2926	6636
CATGCGACCAGTTTAA-1	8225	4600
CATGGATTGTCTTCCG-1	8432	8073
CATGGGTATGCCTTAT-1	7124	8193
CATGGGTCGGGTGTGG-1	7330	4002
CATGGTAAGTAGCGTT-1	6504	6876
CATGGTATTAGTTTGT-1	1962	8552
CATGGTCTAGATACCG-1	6023	4600
CATGGTTTATTAATCA-1	8569	9750
CATGTAAGAGACATTT-1	7675	7954
CATGTAGGAGCGCCAA-1	9120	3283
CATGTCTCATTTATGG-1	7330	7355
CATTACGCAGGAAGGG-1	8432	9989
CATTACGTCGGCCCGT-1	5954	3762
CATTATGCTTGTTGTG-1	5059	4600
CATTGCGGGTCAATTC-1	9395	4481
CATTTAGCGGACCATG-1	7330	4481
CATTTGAGTGGTACGT-1	4784	7475
CCAAACAGAACCCTCG-1	4784	4121
CCAAATAACAAGATTC-1	9257	7594
CCAACGATGCACTGAT-1	4027	5199
CCAAGAAAGTGGGCGA-1	5059	7714
CCAAGACTTCTGCGAA-1	5747	3882
CCAAGCGTAACTCGTA-1	6367	5439
CCAAGGTTGCCCTTTC-1	8982	9750
CCAATAGTGCCGTCGA-1	4371	5559
CCAATCGGTAGATCGA-1	7261	3163
CCAATGTCACAGCAAG-1	4853	5918
CCAATTACGGGTCGAG-1	7881	3762
CCACAATGTACGTCTT-1	7330	4960
CCACACTGAGATATTA-1	4853	6157
CCACAGTACCCATCCT-1	7812	7235
CCACATGGCTCTTTAT-1	1824	8073
CCACCAACTTTACTGT-1	4233	7714
CCACCCAAGGAAAGTG-1	6642	5918
CCACGAATTTAACCTC-1	8982	6397
CCACGAGAAGAGAATC-1	6642	3523
CCACGGAGCCATAAGA-1	3339	7115
CCACGGTGCCCGGTAG-1	8844	5678
CCACTCAGATCCGCAA-1	6986	10109
CCACTGGTGGCTGGTT-1	2926	6157
CCACTGTTTGGATTAA-1	8776	8432
CCAGAAAGCAACTCAT-1	3958	7714
CCAGATAGTTGAGTGA-1	7261	4840
CCAGCCTGGACCAATA-1	5954	5918
CCAGCTCGAACGCATT-1	5954	9031
CCAGCTGATGGTACTT-1	2926	5918
CCAGGGACGTGGCCTC-1	5128	4720
CCAGTAGTCTGATCCA-1	7743	4720
CCAGTCAAATCTCTTA-1	2031	6517
CCAGTCTAGACGGCGC-1	7399	4361
CCAGTCTTGTCATAGA-1	5541	8552
CCAGTTCGGTAACTCA-1	7606	10229
CCATAACCTGTGCAGT-1	1824	7594
CCATACCTTTACTTGT-1	8500	5079
CCATAGAGGCTGCCAG-1	1756	8672
CCATAGGTTGGCGTGG-1	5747	3642
CCATATGGAAACTATA-1	8569	7834
CCATCGCAGTTAAACT-1	5747	7475
CCATCTCACCAGTGAA-1	8225	6037
CCATGCCCTAGATTTC-1	8225	8193
CCATGCCTGTTTAGTA-1	5128	5678
CCATTAGCGATAATCC-1	4371	5319
CCATTCCCTGCCCACA-1	4164	5439
CCATTTCTACCTATTA-1	6367	8073
CCCAAACATGCTGCTC-1	7537	5558
CCCAACATACGTCGCG-1	3889	6636
CCCAAGTCATTACACT-1	8088	9630
CCCAATTTCACAACTT-1	3751	6157
CCCACTCCACGGTATC-1	1687	7355
CCCAGAGGAGGGCGTA-1	8707	4002
CCCAGGTCTGAAGGCT-1	9120	7834
CCCAGTAAACTTGGGA-1	2306	7714
CCCAGTTAAGGCGCCG-1	7124	6516
CCCGAAGTTTCGCGAA-1	2237	6876
CCCGACCATAGTCCGC-1	6573	3882
CCCGAGTTTCTCCGTA-1	8913	7235
CCCGCAGCGCGAACTA-1	6092	7355
CCCGGGTCGTTCAGGG-1	5403	9271
CCCGGTGTATCGGAAT-1	2650	7834
CCCGTAAGTCTAGGCC-1	3407	6277
CCCGTAGCTGGGAAGA-1	4164	8313
CCCGTCAGCGTCTGAC-1	4990	4241
CCCGTGAGGGCGGTGA-1	1756	6756
CCCGTTTCGCAGATGT-1	8776	7714
CCCTACTTGAACAATG-1	7399	9870
CCCTAGGCAACAAGAG-1	1687	7115
CCCTATGTAGAGCAGA-1	3132	8672
CCCTCCTCGCTCGTAT-1	8776	7474
CCCTGAAATGAGTTGA-1	4164	5199
CCCTGCCCAATCCGCT-1	2788	6397
CCCTGCGCTACGCATA-1	3132	5559
CCCTGGCTGTTCCTTC-1	1824	7115
CCCTTTAATGGAGTTC-1	8982	9031
CCCTTTGACAGGTCTT-1	5334	7475
CCGAACACTGGGCCTC-1	2719	6756
CCGAACCTTCCCGGCC-1	6367	7355
CCGAAGCATTGACCAA-1	1824	8792
CCGACAATAGGCCGCC-1	9120	8313
CCGACGGGCATGAGGT-1	3270	7954
CCGACGTAAACACAAC-1	8156	3044
CCGAGAAGTCGCATAA-1	9189	6995
CCGAGCTGTGCTTGTC-1	9189	3642
CCGATCTCAACCTTAT-1	8432	5918
CCGATTCGAGGGACCC-1	2857	6038
CCGCACAAAGACCAAC-1	6711	5798
CCGCACTTGCAATGAC-1	8845	9750
CCGCATGTGGTACGAT-1	6023	8193
CCGCCGGAACTTCTCG-1	2306	7954
CCGCCTGCGAATTGGT-1	8156	3283
CCGCCTTGCGATGTCG-1	1962	6636
CCGCGATTTGGTAGGT-1	2100	6157
CCGCGCAAGATACCCA-1	1687	9032
CCGCGGAATGCGTCAC-1	4577	7594
CCGCGGGTACGAAGAA-1	3270	5319
CCGCTATCAGCACCAG-1	5816	6876
CCGCTCCAGGGCGATC-1	6229	9989
CCGCTCTTCCGAACTA-1	8294	9031
CCGCTTACCTCACTCT-1	3889	7115
CCGCTTGCTGACATGG-1	9257	4720
CCGGAGCGTACTTTCT-1	5334	8433
CCGGCACGACCGTTTC-1	9120	5678
CCGGCCGCGAGCATAT-1	1618	8433
CCGGCGTGAGACTCTG-1	2237	7115
CCGGGCGGTCTCGTCA-1	6711	5319
CCGGGCTGCTCCATAC-1	7399	5798
CCGGGTTCGAGGTTAC-1	3683	6038
CCGGTAATGGCTAGTC-1	9326	6037
CCGGTTTGTAATTGTG-1	4371	8193
CCGTAAGTTGGTCCCA-1	6780	5439
CCGTAGGAAATCCCTG-1	8087	8672
CCGTAGGGTTGTTTAC-1	8638	8672
CCGTATCTCGTCGTAG-1	3339	7834
CCGTATTAGCGCAGTT-1	9120	3523
CCGTGGAACGATCCAA-1	8776	4361
CCGTGTTAAATTCCAT-1	3958	7235
CCGTTACGTTAGAACA-1	7537	3882
CCGTTCCGAATCTCGG-1	2994	6277
CCTAAAGGCTGACGCT-1	7124	3163
CCTAAATTAACGGTTC-1	6160	6517
CCTAAATTGTATCCTA-1	9326	7714
CCTAACCCAAACAAGT-1	7606	7355
CCTAACTAAGGCTCTA-1	7881	4002
CCTACATTCACAGACG-1	3751	7594
CCTACTGCTTACACTT-1	4853	4720
CCTAGGCGTAGCGATC-1	7537	5798
CCTAGGTAAAGGTAGC-1	2237	7594
CCTATAATGAGTGCCC-1	7055	8073
CCTATACCGTCCTGTC-1	4577	8073
CCTATATCGTGTCACG-1	2169	8672
CCTATATTTGTCCTGG-1	5059	8912
CCTATCTATATCGGAA-1	6780	3762
CCTATGAAGTGGTGCC-1	9120	5918
CCTATGGCTCCTAGTG-1	3132	8912
CCTATGGGTTACCGTC-1	6229	4960
CCTATGGTCAAAGCTG-1	6160	9630
CCTATGTCCACTCCAC-1	7812	8912
CCTCAACGATCGCTGT-1	1480	7714
CCTCACCTGAGGGAGC-1	8500	4840
CCTCACCTTAGCATCG-1	8156	4720
CCTCCGACAATTCAAG-1	3751	5439
CCTCCTGAGCCCACAT-1	2031	6038
CCTCCTGTTGTGTCGT-1	8087	8912
CCTCGCCAGCAAATTA-1	6573	3642
CCTCGCGCGATATAGG-1	8018	4002
CCTCGCGCTGTGCGAT-1	5541	8313
CCTCGGACCGGGATAG-1	7330	6397
CCTCTAATCTGCCAAG-1	6504	4241
CCTCTATCGATTAGCA-1	3270	7714
CCTCTCTCCCATCTAG-1	3958	5559
CCTCTGGCCTAGACGG-1	6642	3283
CCTCTGTACTATTCTA-1	5679	7834
CCTGAACGATATATTC-1	7330	5918
CCTGAATATTTACATA-1	6367	4241
CCTGACCACCGATGGT-1	5679	6876
CCTGCTATTTGAGAAG-1	4921	4600
CCTGGAAACGTTCTGC-1	9257	6157
CCTGGCTAGACCCGCC-1	4440	4960
CCTGGTCGAATGTGGG-1	6229	8552
CCTGTAAGACATGATA-1	4302	5918
CCTGTACTCACGCCCA-1	3132	6277
CCTGTCACCCGGGCTC-1	6091	4960
CCTGTCCCTCACGTTA-1	9326	5798
CCTGTCGCCCGTAAAT-1	5747	5798
CCTGTTTGAAGACACG-1	7950	8433
CCTTCAGTTAAAGTGA-1	4715	8792
CCTTCGTATAGAATCC-1	5679	9750
CCTTCTCAGCGTTCCT-1	2513	6636
CCTTCTTGATCCAGTG-1	6504	3762
CCTTGACCACTTTATT-1	8982	8073
CCTTTAAGGGAGCACT-1	4922	8433
CCTTTCAATGAAGAAA-1	8019	4481
CCTTTGAATTATGGCT-1	1893	8433
CGAAACGCAATTCATG-1	3751	6397
CGAACAGTATGGGCGT-1	8087	7474
CGAACCCGCATGCGTC-1	4853	7355
CGAACGGCCGGACAAC-1	2513	7115
CGAAGCTATAAATTCA-1	8707	3762
CGAAGTTGCTCTGTGT-1	3889	5439
CGAATCTGCTCGACGC-1	2994	8912
CGAATGAAGTCATTGC-1	2857	8912
CGAATGACGCATAATG-1	5403	9031
CGACAATTTGATCTAA-1	8019	6636
CGACACGCTCCGACAG-1	7950	6995
CGACAGTTCGCGTTAT-1	4371	5798
CGACCCTTAACGCCGG-1	2306	7235
CGACCTACTAGACAAT-1	1480	6996
CGACGCATCCGTACCT-1	2169	7475
CGACTCAGGATGTTAT-1	7606	4241
CGACTTTGTATAGCCT-1	8982	5439
CGAGACCCTAGAGTGT-1	5679	6636
CGAGACTACTGCTGCT-1	8225	10109
CGAGAGATGTGAACCT-1	6504	4960
CGAGAGCGCGTAGATA-1	1962	6876
CGAGAGCTTTCACTAC-1	7537	9151
CGAGAGGGTAGCCGCG-1	8638	8193
CGAGCTGGGCTTTAGG-1	6091	3523
CGAGGCTAAATATGGC-1	6367	4960
CGAGGGACTGCGGTCG-1	6849	6037
CGAGGGTATCCAGGTG-1	5610	9151
CGAGTACTAAAGAGGA-1	3889	6876
CGAGTGAAGGTACCAG-1	3476	8073
CGAGTTCTGTCCCACC-1	7330	4720
CGAGTTTATCGGACTG-1	7881	5918
CGATACCTCGCGGACA-1	4784	6277
CGATAGTCGTACTGCA-1	7537	9391
CGATCCGACCCAGTGC-1	4921	6038
CGATCTGTTGGAGGAC-1	3132	6996
CGATGGACCCTACGCC-1	8087	4121
CGATGTTGTTATCTAC-1	2306	8433
CGATTAAATATCTCCT-1	5747	8193
CGATTCGCCTGGCTGC-1	6505	8313
CGCAAACACGAGTTAC-1	4027	4720
CGCAATTAGGGTAATA-1	4508	4840
CGCACATGTCCACTAC-1	7468	6157
CGCACGTGCGCTATCA-1	8294	6157
CGCAGATCTTCACCCG-1	9257	4481
CGCAGGCGATCCAAAC-1	8500	7714
CGCATGCCGAATGCGT-1	7606	9510
CGCATGGTGCGATGCT-1	6023	6277
CGCATTAGCTAATAGG-1	5403	4720
CGCCACAGGTCGCGAT-1	2100	7355
CGCCATCCGATTATGA-1	6986	4361
CGCCCAGCACGCCTAG-1	4990	8552
CGCCCAGCGTTTCACG-1	7606	9271
CGCCCGCTTCCGTACA-1	6986	3642
CGCCGCCCATGCCTGT-1	7193	6157
CGCCGTTCAGCATAGT-1	8638	8433
CGCCTCCCTCCTCTAT-1	6504	6636
CGCCTGGCCTACGTAA-1	3339	6397
CGCGAAGTGGCATACT-1	8088	9151
CGCGACCGCGACAGAT-1	7055	8552
CGCGAGAGGGACTTGT-1	8913	3403
CGCGAGTCTGCCGGGT-1	2857	7714
CGCGCAAATGTCCAGA-1	3132	8193
CGCGCATGTTTGATTG-1	5197	7475
CGCGCCCGACTTAATA-1	6642	4002
CGCGGCTCAACTTGAA-1	8156	6636
CGCGGGAATTAGGCAG-1	6986	4840
CGCGGGAATTCCTTTC-1	7262	10109
CGCGGTCACAAACCAA-1	8776	3642
CGCGTTCATGAAATAC-1	4990	4720
CGCTACGGGACATTTA-1	4784	6038
CGCTAGAGACCGCTGC-1	8432	6157
CGCTATTCTTAGGCTC-1	5610	6038
CGCTCTCCGTAGATTA-1	4027	5439
CGCTGGTGACTACCCT-1	8225	7235
CGCTGTGACGCCGCAC-1	4715	4481
CGCTGTGTGGATGTTG-1	4440	8552
CGCTTATTCCCGGTCG-1	3545	6517
CGCTTCGGTCTAAGAC-1	8638	9391
CGCTTTCTTGCATTCG-1	7330	5199
CGGAAAGAATCAAACG-1	4784	8433
CGGAACGTAAACATAG-1	4577	7115
CGGACCTTTACGTCCC-1	6367	9989
CGGACGTTACTTGAAG-1	1893	6517
CGGAGCAATTTAATCG-1	5610	7954
CGGAGCATGGCGATCC-1	6091	6157
CGGAGTTTGAGAGACA-1	3820	5080
CGGATCCTCAAGGACT-1	6986	8672
CGGCAAACATCGTGCG-1	6023	7714
CGGCAATAAGATCGCC-1	8913	7953
CGGCAGGGTCGGGTTG-1	7950	5319
CGGCCACGCACAAAGT-1	5541	5678
CGGCCCAACCTGTAGT-1	9189	4840
CGGCCCAGGTATATCC-1	8707	6636
CGGCGCCATCAATCCC-1	7881	8552
CGGCTCTAAAGCTGCA-1	9051	6995
CGGGAATATAGTATAC-1	8707	7115
CGGGAATTTATGTAAA-1	5954	6876
CGGGAGCTTCAGTGTA-1	7743	7355
CGGGATCAATGTAAGA-1	5541	4241
CGGGCAGCTAAACCGC-1	5334	5319
CGGGCCTTCTTTGTAA-1	5266	6397
CGGGCGATGGATCACG-1	6642	9750
CGGGTGTACCCATTTA-1	7399	5319
CGGGTTTGTTAGGGCT-1	9326	8193
CGGTACGGCAAACCCA-1	1549	7834
CGGTACTAGAATCAAA-1	7193	6636
CGGTAGAGGTGCAGGT-1	7812	4121
CGGTATAGGTATTAGC-1	8294	2804
CGGTCAAGTGGGAACC-1	6986	4600
CGGTCCGTCGCAAGCC-1	4990	9031
CGGTCTATCAACCCGT-1	7124	3642
CGGTGAAGACTAAAGT-1	3063	5678
CGGTGCAGATAGAACG-1	3958	6517
CGGTGCGCGTTGGTCC-1	4164	7355
CGGTGGGCTCCAGCCT-1	8294	3283
CGGTTATCCAACAGTG-1	8225	5079
CGGTTCAAGTAGGTGT-1	8225	4361
CGGTTGACCTGGCATA-1	3201	6157
CGTACCTGATAGGCCT-1	6160	4121
CGTAGAGAGTAATTAT-1	7468	9510
CGTATTAAGAGATCTA-1	5197	5319
CGTCACGTCCATTGGT-1	4990	7115
CGTCCTCATCGCGTGC-1	9120	9989
CGTCGCATGTGAGCCA-1	6780	9271
CGTCGGATAGTGTTGA-1	8087	5558
CGTCGGGTCTAAGCGC-1	2994	7954
CGTCGTCCTTCGCGAA-1	6711	8193
CGTGAAGTTAATTCAC-1	5334	6277
CGTGACATTGGGTCGT-1	7193	3283
CGTGACCAGTCCTCTG-1	5266	9031
CGTGCACACCACTGTA-1	7675	10109
CGTGCAGACTGGGACA-1	6573	6277
CGTGCATTGTCGACGC-1	3614	6157
CGTGCCCTCCCGAAGA-1	6780	6636
CGTGGCCGAATATCTA-1	8432	7115
CGTGTATGGGAGCTGA-1	9120	9271
CGTGTCCCATTCGCGA-1	4233	4840
CGTTAAACTAGTTAGG-1	9120	7355
CGTTAATGTCCCGACG-1	7468	8552
CGTTAGCTCACAACTG-1	7674	3163
CGTTATCATACTTCCA-1	1549	6876
CGTTCAGACCCGCGAA-1	5679	9271
CGTTCATGGTGCGCGT-1	2857	7235
CGTTCTTCGCACACCT-1	8982	3762
CGTTGAATACCGCGCT-1	6780	8313
CGTTGAGCGACCGTCG-1	6573	6756
CGTTGAGTAATTGCGT-1	8431	2804
CGTTGTAAGATTGATT-1	8913	4600
CGTTGTCGGCAATTGA-1	6023	9151
CGTTGTTTCAATTCCC-1	4233	5559
CGTTTCACTTCGGGCG-1	7812	3642
CGTTTCGCTCATTACA-1	4853	5678
CGTTTGTGTAGAGGGT-1	4302	8073
CTAAAGAATGCCTACT-1	3958	5798
CTAAAGGGAAATAGGA-1	5747	6756
CTAAATCCTATTCCGG-1	7261	4600
CTAACAGCACAATAAC-1	1549	8792
CTAACCGCGCGCCCGT-1	3889	5918
CTAACGAAACTTGCTG-1	7950	5079
CTAACTGATAATCGCC-1	8500	8433
CTAACTGGTCCGGTTC-1	3958	7475
CTAAGGGAATGATTGG-1	6436	6756
CTAATTCGCACGCGCT-1	3820	4840
CTAATTCTCAGATATT-1	8707	4720
CTACACTCGCAGATGG-1	8432	8313
CTACCCTAAGGTCATA-1	7743	5199
CTACGACTAGCTATAA-1	3132	6038
CTACGCACGGAGTACC-1	5403	5678
CTACTATCATAGGTTT-1	3201	7834
CTACTATCTTTCAGAG-1	7881	4960
CTACTCAAGGTATAGT-1	4371	8672
CTACTCTAGGCCCGGC-1	3201	5199
CTACTGCCACCTGACC-1	5816	4720
CTAGATGTGAGTGTAA-1	8569	5439
CTAGATTTACGACGGC-1	6573	6516
CTAGCATAGTATAATG-1	6023	5558
CTAGCCGATGTTATGA-1	8431	4241
CTAGGCGCCCTATCAG-1	7743	7594
CTAGGTCTGAAGGAAT-1	8638	5798
CTAGGTTCGGACGTGA-1	6298	8433
CTAGTAGAAAGGGATT-1	7055	9031
CTAGTCACGTCTTAAG-1	6229	5918
CTAGTGAAGGACAGGA-1	4096	5559
CTAGTTACAACCCGGT-1	6092	7834
CTAGTTGGGCCCGGTA-1	6160	4600
CTATAAGAGCCAATCG-1	8363	4600
CTATACTTAAAGCGAG-1	1756	8912
CTATCGACGAAATACA-1	7881	7834
CTATCGGGTCTCAACA-1	6229	5678
CTATGCCCGAATGCAA-1	5541	9031
CTATGGGAAGCGGAAT-1	8638	7953
CTATGTCACTAGCCCA-1	6023	5079
CTATGTGAGTCACGGC-1	2650	6876
CTATTCATGTGTCCCA-1	5747	7714
CTATTGTGTTTGGTCA-1	8431	3044
CTATTTGCTTGGAGGA-1	5885	9870
CTATTTGGTTACGGAT-1	7124	5798
CTCAACTAACCCGGAT-1	7330	9031
CTCAAGACATTAGCGC-1	8500	3163
CTCACATTTACTAAAT-1	6160	8912
CTCACTGTGATACTTA-1	6642	9031
CTCACTTGGCTGGTAA-1	3270	6277
CTCAGATTGTGATAAG-1	1824	6636
CTCAGTCACGACAAAT-1	8087	4361
CTCATAAATGTGTATA-1	8776	10349
CTCATGGTAATTTGCG-1	3270	7475
CTCATTGCTCTAACAA-1	6849	8672
CTCATTTGATGGGCGG-1	5747	4121
CTCCCTCCTTTCGATC-1	3063	7594
CTCCGCCCACATGAGG-1	4164	6636
CTCCGGCCTAATATGC-1	5541	3762
CTCCTCCAGCTCACAC-1	4922	8912
CTCCTTTACGCAAGTC-1	8982	4241
CTCGAGACATACGATA-1	1962	8073
CTCGAGGTCGAACAGT-1	5541	4960
CTCGATATTTGCGAGC-1	8294	4241
CTCGCACCTATATAGT-1	6160	4361
CTCGCATTGCATAGCC-1	2306	8672
CTCGCCGAATGTAGGG-1	5885	8672
CTCGCTAGGTAAGCGA-1	8088	10109
CTCGGTACCACTGCTC-1	7055	6397
CTCGGTTGTCGGCCCT-1	3270	8193
CTCGTCGAGGGCTCAT-1	2719	8672
CTCGTCTGTGCCTTCG-1	7124	9870
CTCGTTTCTAATGTTT-1	8638	4121
CTCTAATGCATTGATC-1	9051	4361
CTCTACACTGGCGATT-1	2650	6636
CTCTAGCCCTCGGAAA-1	7675	9391
CTCTATTTGGCTGCAG-1	6160	7235
CTCTCACAATCGATGA-1	6298	5319
CTCTCTAACTGCCTAG-1	2926	8313
CTCTGGACGCCTGGTG-1	5747	5319
CTCTTCTATTGACTGG-1	8363	6995
CTCTTGTCCCGCTTGG-1	5472	7954
CTGAAAGAGATCCGAC-1	6229	3762
CTGAATCCGAGACCTC-1	5128	7115
CTGAATTTATTGCCAG-1	8776	4121
CTGACTGCGCAGCTCG-1	8431	5199
CTGCAAGCACGTTCCG-1	9120	8792
CTGCACAACTACATAT-1	6711	7475
CTGCACTCCAGTACAG-1	6298	7954
CTGCAGAGAATCAGAG-1	8432	8792
CTGCCAAGGTTGGAAG-1	6780	4002
CTGCCATGCATCACAT-1	5747	6277
CTGCCTTTCTAGTAAA-1	7881	9031
CTGCGACCTCGCCGAA-1	6505	9989
CTGCGTTACGATATAA-1	7674	3403
CTGCTGAGGCCACGAA-1	3889	7355
CTGCTTGGCGATAGCT-1	6642	7834
CTGCTTTATGTCCGCG-1	9189	3882
CTGGAAATGGATGCTT-1	5128	4960
CTGGAAGACACGGTGG-1	7537	7475
CTGGACGCAGTCCGGC-1	2375	7594
CTGGATTTACACTTGA-1	5266	7355
CTGGCATCCGAATGAG-1	3270	7235
CTGGCGACATAAGTCC-1	7055	3523
CTGGCGATTTACATGT-1	8845	10229
CTGGCGCACAGGTCTG-1	7606	5918
CTGGCTGATTCATCCT-1	8087	6756
CTGGCTGGTTGTCAGT-1	5334	7954
CTGGGATAAATAATGG-1	7261	6037
CTGGGCCTGCTATATC-1	3545	6756
CTGGGTAGGCAGTTAA-1	6917	6636
CTGGGTTGAGTTAAAG-1	2237	7834
CTGGTAAAGACTTACA-1	8294	9989
CTGGTAACACATAGAA-1	7537	6516
CTGGTAACGAGCTCTT-1	8156	4960
CTGGTTTCGAGCAAGA-1	7537	6995
CTGTACTTCTTAGCAT-1	4990	6157
CTGTAGCCATCTCACT-1	4646	8193
CTGTCAAATGGCTCGG-1	7193	4241
CTGTGCAGGGTAGGTC-1	6298	6517
CTGTGGTCGGGAGATA-1	7606	8073
CTGTTACCCAATCTAG-1	5472	7235
CTGTTCACTGCCTGTG-1	5334	4121
CTTAACTTACAGTATA-1	9189	9870
CTTAAGCAGCGAGCCG-1	1687	7594
CTTACACGGTATTCCA-1	4577	5199
CTTAGCCTTCCACATG-1	6848	4121
CTTAGGTATAGACCAG-1	2513	9031
CTTAGTAGGCCTACAG-1	8500	5319
CTTAGTGTAGTAGCAT-1	7193	8792
CTTATGCGCTCAGGGC-1	2237	6636
CTTCAACTCCACTTGG-1	6780	8552
CTTCAGTGGTCGCCTA-1	2719	7954
CTTCAGTTGGACAACG-1	7743	10229
CTTCATTGTCAGTGGA-1	5610	5798
CTTCCGCTCCGTGAAG-1	4922	8193
CTTCGATTGCGCAAGC-1	7537	9630
CTTCGGCCAATTGTTT-1	9051	7474
CTTCGTAGATAGGTGA-1	4577	6157
CTTCTATGTTGAAGTA-1	3407	6996
CTTCTATTAATGCTAG-1	4715	7594
CTTGAGTTAGGGTAAT-1	7881	6157
CTTGATGACCATCCAG-1	8225	9870
CTTGCAACCGCCTCCT-1	3201	6636
CTTGCCCACCCACGCA-1	8363	9870
CTTGCCCAGGCTCTAC-1	5266	6876
CTTGGCCAAGCTGGGA-1	5403	8792
CTTGTACTTGTTGACT-1	4990	4002
CTTGTCAACATTCGAG-1	6023	7475
CTTGTGCTCACCGATT-1	7950	4121
CTTGTTGCTGAGTCAA-1	6986	6037
CTTTAACTTTCAAAGG-1	6091	4241
CTTTAATATTGGTCGA-1	6504	7594
CTTTACCGAATAGTAG-1	7262	7475
CTTTAGGAACACTGTT-1	7468	6397
CTTTAGTGCTATTATT-1	5885	6756
CTTTCTGTGCGGGCTT-1	6023	7954
CTTTGACGTCGCTTCT-1	1480	6756
CTTTGCATCGCTCTTG-1	7950	8672
CTTTGGCTTTAGTAAA-1	4233	5319
CTTTGTCGAATGCTCC-1	1962	8313
GAAACAGATGACCACC-1	7812	6277
GAAACATAGGAAACAG-1	2857	8672
GAAACCATGGTGCGCT-1	8982	4720
GAAACCGAATTACCTT-1	4990	6876
GAAACCTATACAAATG-1	5059	8672
GAAAGAACAGCGTTAT-1	8569	5918
GAAAGCAGTGCACTTT-1	5197	8193
GAAAGCCCTTTGGACC-1	2926	5678
GAAATATCACCATCAG-1	3063	5439
GAAATATGCTTGAATG-1	9051	3403
GAAATCGCGCGCAACT-1	6160	3642
GAAATGGCGGTGTTAG-1	5059	5079
GAAATTAGCACGGATA-1	8087	3642
GAAATTGTCTCTATAA-1	5128	6636
GAACAACTGGGATGAA-1	7330	9510
GAACACACATCAACCA-1	4921	4121
GAACAGATTACTAAAT-1	6367	8313
GAACCCTCTGTGTTCT-1	6092	8552
GAACCTCGACCTACAC-1	2100	6397
GAACCTTTAACGATCC-1	6917	9031
GAACGACCGAATGATA-1	5816	3762
GAACGCGGGTCACACG-1	9326	7235
GAACGTCTCATGGTCG-1	7468	5199
GAAGAAACGATATTGT-1	3476	8552
GAAGCCACTGATTATG-1	6229	9271
GAAGCCTGCACATTCC-1	5679	8792
GAAGCGTGAGGAATTT-1	5610	5558
GAAGCTCGGACCCGTC-1	2926	8073
GAAGCTTGCTGACCGC-1	3889	4960
GAAGGAGTCGAGTGCG-1	5610	9391
GAAGTCAGTTGCACTA-1	5472	7714
GAAGTCTCCCTAGCGA-1	7743	5918
GAAGTGATTTATCGTG-1	4715	6157
GAAGTTTCCACTCAAT-1	4646	5798
GAATAGACGCGACCCA-1	7812	6516
GAATAGCCCTGCGGTC-1	9051	3642
GAATCGACATGGTCAC-1	4371	4600
GAATCTGAACATTCTC-1	5885	6517
GAATGCGAATCGGTTC-1	6229	9031
GAATGGGCTTATCGAC-1	1893	6277
GAATGTATGGCAGGTC-1	7743	3283
GAATGTGGTCCGGATT-1	7055	6636
GAATGTTGGGTAATCT-1	6229	4241
GAATTATAGTGAAAGG-1	6160	5558
GAATTCACCCGGGTGT-1	5266	7115
GAATTTCTCGCTGCAG-1	3545	4840
GACAAACATATGCAGG-1	8363	6756
GACAACGACCATTGAA-1	6780	4481
GACAACGCAGCTTACG-1	5197	3882
GACACAAGGGAAGAAA-1	6436	5079
GACACAGCCGGGACTG-1	8363	10109
GACACTGAGTTCAGTG-1	4646	6756
GACACTGGAACCCGAT-1	9051	7714
GACACTTCCAATTACC-1	8088	9870
GACAGATTTCTGGCTC-1	2031	6756
GACAGCCAGACCTGAC-1	7399	6516
GACAGGCACACACTAT-1	2994	6038
GACATCCGTCGAACTG-1	6367	9271
GACATCGATTTATAAC-1	4922	7714
GACCAAACGTTGACTG-1	8913	8432
GACCACACTTCCCTTT-1	6986	9870
GACCAGAGCCCTGTAG-1	4715	5199
GACCCAATTATGATAC-1	2857	7954
GACCGACGTGAAAGCA-1	9189	6037
GACCGACTGAAGCGTC-1	2994	5559
GACCGCGTCTGACGTG-1	9189	7474
GACCGTGCTGACGGTG-1	5059	6277
GACCGTTACATGCGAC-1	1893	6038
GACCTTCCACGTCTAC-1	6573	9391
GACGACGATCCGCGTT-1	6298	7714
GACGAGGCTAATAAAC-1	8363	8193
GACGCATACCCGTCGG-1	1893	9151
GACGCCGTAAAGGCTA-1	5197	7954
GACGCTTGCTTCTAAA-1	3958	6038
GACGGGTTGGCCCGTA-1	4990	8792
GACGGTCAATAGAAGC-1	8363	5079
GACGTGTAGGGATTAT-1	3683	4840
GACTAAGATCATGCAC-1	5128	4241
GACTAAGTAGGCTCAC-1	4440	4720
GACTACAAAGCGGTGG-1	2926	7355
GACTAGGCCGTTAGGT-1	6849	9391
GACTCACCCACGTGAG-1	8776	6037
GACTCCCAGAATAAGG-1	9120	4720
GACTCCTTCCAATTGA-1	2169	8193
GACTCGCGGGAATGAC-1	8087	4840
GACTGCAAATCGAGCT-1	6642	8552
GACTGCACCAGCCCAG-1	6986	6996
GAGAACGGTTCTGACT-1	8569	9510
GAGACCCTGCAACGCC-1	9120	2804
GAGACTGATGGGTAGA-1	5334	4840
GAGACTTCGCGACCGA-1	5403	7834
GAGAGGGCGCGAGGTT-1	4233	6038
GAGAGGTGCATTCTGG-1	3407	6756
GAGATCTGCTTGGCAT-1	4508	5559
GAGATCTGTCACTCCG-1	6573	5079
GAGATCTTCCATGACA-1	6780	6876
GAGATGGCTTTAATCA-1	6711	9870
GAGATGGGAGTCGACA-1	6436	7714
GAGCACCTGTGTCCAG-1	6986	8433
GAGCCAGCTACCTGTG-1	7606	7834
GAGCCGAGCGTTTATT-1	8844	3044
GAGCGCAAATACTCCG-1	8845	7594
GAGCGCGCACGAGTAG-1	7881	7355
GAGCGCTGTTAGGTAA-1	3063	8792
GAGCTAAGGGCATATC-1	7193	4960
GAGCTGTCGTCTCGGA-1	8913	3882
GAGGAATGGAGAGGTT-1	3614	4720
GAGGATAAACAGTGCT-1	9326	6277
GAGGCCCGACTCCGCA-1	3063	8073
GAGGCCTGTTGATACA-1	8845	9031
GAGGCTATCAAAGTCG-1	3338	5678
GAGGGCGCAGCTCTGC-1	7606	4720
GAGGTACGCGTGTCCC-1	6092	9510
GAGTAAGGCCACGGGA-1	2444	7235
GAGTAGATACTAGTTG-1	5885	8912
GAGTATGCCCGCCTTG-1	4440	7355
GAGTATGCGCGTGCAT-1	6367	9031
GAGTCAGACCAGAATC-1	4784	8193
GAGTCCGCTTACCGGA-1	5472	6996
GAGTCTTGTAAAGGAC-1	1549	7115
GAGTGTCAACCAGAAA-1	7193	9031
GAGTGTGCGGTACCCA-1	7537	6756
GAGTTCTGTGGGTGCT-1	1687	8553
GAGTTGATGGCAATTT-1	2788	7594
GATAACTCGCACTGTG-1	7606	6157
GATACGATGGGAGTCA-1	4577	6876
GATAGATAGTACAGTC-1	8156	10229
GATAGGTAACGTTGAC-1	5610	7235
GATATCAAGCAGGAGC-1	1687	8073
GATATGAGACACTAAC-1	7055	6157
GATATGCGGTAGCCAA-1	7743	3762
GATATTGAGATTGGCG-1	8363	5558
GATATTTCCTACATGG-1	7606	3523
GATCATTCCAAACATT-1	5334	5079
GATCCCTTTATACTGC-1	5610	4840
GATCCGGGAATTAACA-1	6504	6157
GATCCTAAATCGGGAC-1	8019	4720
GATCCTCGACACTGGC-1	3683	7475
GATCGACACTATCTGA-1	4715	4720
GATCGCGGGCTCTCCA-1	5059	5798
GATCGCTACCCGATTT-1	8225	7474
GATCGCTATATCTCAG-1	3201	8792
GATCGGATAGAACCAT-1	2375	6397
GATCGGTGGCCATAAC-1	6160	4840
GATCGTGACTGATATC-1	6436	6037
GATCTAACCGTATTCA-1	1893	7714
GATCTGCTATCTAAGG-1	5335	8912
GATCTTGGAGGGCATA-1	6298	6756
GATCTTTGCAGGGTAT-1	4096	5798
GATGACAAGTAGGGCA-1	3752	8313
GATGACGATGATCGCG-1	9257	3762
GATGAGGAACCTTCGG-1	7055	9510
GATGCCTTCTGCGGCA-1	2444	8433
GATGCGTCCTGCATTC-1	5403	5918
GATGCTGTATTTCATC-1	6642	6636
GATGTAACGAACCACC-1	2926	7594
GATGTTCAATCCACGA-1	4440	6397
GATTAACCGAAAGCCC-1	7881	8073
GATTACTGAATTTGGG-1	4164	6397
GATTCCCTTGTCGCAG-1	6091	4481
GATTCCGCGTTTCCGT-1	6711	3403
GATTCGACGGTTCACG-1	6367	6397
GATTGGGAAAGGTTGT-1	6986	9391
GCAAACCCTACATTAT-1	7124	7235
GCAAACCTTGGCCATA-1	6092	8313
GCAAATATTACGCTTT-1	4302	5678
GCAAATGAGGACACTT-1	1824	6397
GCAACACACTAGAACT-1	2581	6996
GCAACAGCAGTATGCG-1	8776	6995
GCAACCACCAGACCGG-1	7812	3163
GCAACCACGGCCGCGT-1	3476	6636
GCAACGGCTAGTTATG-1	9257	6636
GCAAGAATTCCTTGGC-1	3958	6756
GCAAGATGTGTTCGCG-1	8707	2804
GCAAGCTGGAAACCGC-1	1618	7954
GCAAGTGCACAGAGAA-1	4371	4361
GCACAAACGAGGCGTG-1	9326	6995
GCACAACCTCGGGCGT-1	2169	8433
GCACACACTGGTAGCC-1	7950	8193
GCACCTAGGCGAGTCC-1	8569	10229
GCACGCCGATTCCCGC-1	6711	10109
GCACGCCTACTTAGAT-1	4164	8073
GCACGTGGTTTACTTA-1	8776	9151
GCACTGCCTACCTTTA-1	6160	9391
GCAGACCCAGCACGTA-1	8569	6157
GCAGATCCATAAGACT-1	7330	7594
GCAGATTAGGGATATC-1	5679	5918
GCAGCACACAGCCCAG-1	4371	6038
GCAGCCTATATCACAT-1	9257	5678
GCAGCTATGGACAGGT-1	9257	3044
GCAGCTGTCAACGCAT-1	7468	9989
GCAGGAACTTAGATCT-1	2513	7834
GCAGGACTATAGAATA-1	4027	5678
GCAGGTAGAGTATGGT-1	7950	3642
GCAGTGTGGCTATAGG-1	7193	8552
GCATAGAGCACTCAGG-1	5541	5918
GCATCGGCCGTGTAGG-1	8569	7355
GCATGAGGGACGCGGC-1	7674	5079
GCATGCTAATAACGAT-1	8019	9510
GCATGGGTACTGACGC-1	1687	6397
GCATTCAAGGCAACGC-1	8913	4840
GCATTGACTTGCGGAA-1	1756	7475
GCATTGTAATTCATAT-1	2926	6397
GCATTTCCAAGGCTCC-1	9120	5439
GCCAACCATTTCCGGA-1	8776	4600
GCCAAGAATACTTCTG-1	2169	6996
GCCAATAGGGCATCTC-1	8569	4481
GCCACAATTTAAGGAC-1	4164	6876
GCCACTCAGAGCGCGA-1	8019	8552
GCCAGGAGTAACCGAT-1	7606	4002
GCCATATTGCACACAG-1	7674	4121
GCCATCGAGCTGCGTG-1	4715	7834
GCCATCGATGCTGCAT-1	9051	5319
GCCATTAGCCTCAAAC-1	2375	8073
GCCCGACTTCTTCCCG-1	3201	7355
GCCCGAGAGTCTAAAT-1	2169	8912
GCCCGATCTGTGGTCG-1	5816	7834
GCCCGCGCGTAAACGG-1	4302	7355
GCCCGTAATACCTTCT-1	6917	4720
GCCCTAGCCGTCGCGA-1	2581	7954
GCCCTGAGGATGGGCT-1	6573	9630
GCCGAAATTCCTACGT-1	4577	5678
GCCGATTGGCCAAGCT-1	5679	6397
GCCGCTTGTGAGAAAC-1	4233	5798
GCCGGGTTAGGGTCGC-1	5541	6397
GCCGTGGAAGAAATGT-1	9395	6157
GCCTACGTTCTGTGCA-1	7124	9630
GCCTATAGTGTCAGGG-1	7743	4960
GCCTATGCTGGGCCTT-1	9326	3642
GCCTCATCTGGAAATA-1	8019	6397
GCCTCCGACAATTCAC-1	8225	8672
GCCTCTATACATAGCA-1	6642	8073
GCCTTTGTCAGTGGAC-1	2169	9151
GCGAAACGATCGGGAG-1	8363	7953
GCGAAACTTAACTGGA-1	7124	6756
GCGAAGAATCTGACGG-1	7262	9391
GCGAAGCCATACCCGT-1	5679	5199
GCGACATGTAAACATC-1	8844	5918
GCGACGATAGTTGTAC-1	5197	7235
GCGAGAGGCCATGTAA-1	9257	4002
GCGAGAGTTGCGTCCA-1	8844	5439
GCGAGCGCATGCTCCC-1	8982	5918
GCGAGGCCCGAGCAGA-1	4715	5918
GCGAGTTCTGCAAAGA-1	5816	5678
GCGATTGTTAACGTTA-1	6780	5918
GCGCAAATATATTCAA-1	3407	8433
GCGCAAGAGCGCGCTG-1	8363	6277
GCGCATCCAGTCAGCA-1	8019	4960
GCGCCGTTCCACGATA-1	5954	6397
GCGCCTCCCACTCCGA-1	9051	7235
GCGCGGTCTAGTAACT-1	5610	9630
GCGCGTCATTGGTACA-1	7193	8313
GCGCTAATTGAATAGA-1	6298	5558
GCGCTATGCCGAGGCA-1	4715	6636
GCGCTGATCCAGACTC-1	7468	3523
GCGCTGCTTTGCATTT-1	7950	4840
GCGCTTAAATAATTGG-1	7606	8313
GCGGACCGCGTTGTGG-1	4440	7594
GCGGAGAAACTTCGCA-1	3752	8073
GCGGAGAGGGAGAACG-1	6849	6996
GCGGATTACTTGTTCT-1	9051	10349
GCGGCAAAGTATTGCC-1	3339	8552
GCGGCTCTGACGTACC-1	4096	6038
GCGGCTTTAGCAAGTT-1	6849	9870
GCGGGCGAGCCTTACC-1	4990	8073
GCGGTCTTGCTTTCAC-1	7124	10109
GCGGTGAACTGCGCTC-1	7950	3882
GCGGTTCCCTATCATG-1	4853	7115
GCGTAAATGGCCATAA-1	8500	5558
GCGTCGAAATGTCGGT-1	5954	3523
GCGTCGCCAGGGTGAT-1	5747	7954
GCGTCTCTGCATTGGG-1	4302	6157
GCGTGGTACTGGGTTA-1	8019	5678
GCGTTCGGAGACCGGG-1	8569	3762
GCTAACTGAAGTCTGA-1	7537	8433
GCTAAGCCCAGTATGC-1	8913	10349
GCTAAGTAGTTTCTCT-1	6986	5558
GCTAATACCGAATGCC-1	4715	4002
GCTACAATCGAGGATA-1	8638	8912
GCTACAGTACGGACCG-1	2444	6277
GCTACGACTTATTGGG-1	6229	6636
GCTACTATAGTAGAGT-1	7950	7474
GCTAGACCGTCTACTG-1	8638	6516
GCTAGAGTAGAGATGT-1	8087	8193
GCTAGCAGGGAGTGGG-1	8431	3283
GCTAGCTTGAATAGCT-1	4509	7714
GCTAGGCACCACGGAG-1	7262	7954
GCTAGTAGAGCTTGTA-1	5954	6157
GCTATACGTCTCGGAC-1	7537	7714
GCTATCATACTCATGG-1	6849	7954
GCTATGCCAGCTTATG-1	1618	6756
GCTCAATCCGTTTATT-1	3889	7834
GCTCAATGTAATACCG-1	5472	8912
GCTCATTACTGCATGT-1	7881	3044
GCTCCCAGTCGGTCCA-1	8982	6636
GCTCCGCTCGCTTCAG-1	9189	6516
GCTCCTGACATACTGG-1	3683	8193
GCTCGCTCATGTCCAA-1	8294	6397
GCTCGGAATTTAAAGC-1	7261	4121
GCTCTAAACCCTGACG-1	5472	4361
GCTCTATGTTACGTGC-1	4233	4601
GCTCTCGGGTACCGAA-1	5472	4600
GCTCTTTCCGCTAGTG-1	5197	9151
GCTGAATCTTCCAATC-1	3063	8552
GCTGAGGCGTGAGTAT-1	5885	6277
GCTGCACGGTTTCTTA-1	6504	6397
GCTGCTAAGTAGTCGA-1	5334	8193
GCTGCTACTGCGTAGC-1	6642	7594
GCTGCTCTCCGGACAC-1	5816	5199
GCTGGACCCAAAGTGG-1	8776	3163
GCTGGCATATTCACCT-1	3614	5199
GCTGGCGGCGCATGCT-1	5885	7954
GCTGGTGACTCGTAGT-1	9533	2804
GCTGGTTTAGGCCATA-1	2444	8672
GCTGTATTACTGGCCC-1	4096	6996
GCTGTTGCTACCGAAC-1	8019	6157
GCTTAATGTAACTAAC-1	7262	6516
GCTTACGTAGTTAGTA-1	9189	5798
GCTTATGAAGCAGGAA-1	7606	5678
GCTTCCATGTAACCGC-1	8500	10349
GCTTCCGTCCCTAGAC-1	6780	4960
GCTTGAGTGACCTCTG-1	9258	10229
GCTTGGATCGATTAGG-1	8156	5199
GCTTTCAGAGGAGGTG-1	8019	5439
GGAAACCTTGTTGAAT-1	8776	3882
GGAAACTAAATGGGCC-1	8500	8672
GGAAAGTGCCCATGCC-1	7674	3882
GGAACCGTGTAAATTG-1	4715	7355
GGAACCTTGACTCTGC-1	2926	8552
GGAACTTTGGCGATTA-1	9051	8672
GGAATGCGCTAGCGTG-1	7124	5319
GGACAACCATGAAGCC-1	8500	9870
GGACACAAGTTTACAC-1	9120	7115
GGACCAACAGGATAAC-1	6092	7594
GGACCTACGGTAACGT-1	8982	3523
GGACCTCTAGGCCGCC-1	3545	8433
GGACGTCCATAGTTGG-1	9464	3163
GGACTCTTTGACTAAG-1	7193	9989
GGAGAAGTCATTGGCA-1	4302	4241
GGAGACCATCTACATA-1	2031	7475
GGAGACGACACCTTTG-1	6092	6636
GGAGCAACATTTCAAG-1	8569	8313
GGAGCACCAAGAACTA-1	7124	4600
GGAGCGAGGCCTACTT-1	6229	9510
GGAGGGCTTGGTTGGC-1	6849	5319
GGAGTTGATTCTGTGT-1	9189	9630
GGATCAGAGCCATCAG-1	1549	6636
GGATCATCCCGTACGC-1	8431	3523
GGATCCGGAATATACT-1	7124	5558
GGATCTTGACTCAACC-1	2650	7594
GGATGAAGATCGCTGA-1	7950	6516
GGATGACGCGAGTTTA-1	4577	5918
GGATGGCTTGAAGTAT-1	8225	9630
GGATGTCCTTACCGCA-1	7743	5678
GGATTAATCATGGACC-1	6642	9989
GGATTCCGCTATACCC-1	7055	3762
GGATTGCTGTGACTCC-1	7262	8672
GGATTTCACTTCTATA-1	7193	5199
GGCAAAGGCGCCAATA-1	3820	7954
GGCAAATTACTTTACT-1	5128	6397
GGCAAGCCCATAGTGG-1	5679	9510
GGCAAGGCGAAATAGC-1	6229	6876
GGCAATAGTCAATGAG-1	6298	5079
GGCACGCTGCTACAGT-1	9189	10109
GGCACTCCACTGGGCA-1	4646	5559
GGCACTGCGGTGGTTT-1	9051	9870
GGCAGCAAACCTATGC-1	8569	7594
GGCAGCGGTAATCCTA-1	8363	3163
GGCATACAGGTAGCGG-1	3683	5559
GGCATATCGGTTCTGC-1	7193	3523
GGCCAATTGTATAGAC-1	8225	10349
GGCCCAGCTGGTTTGC-1	6573	9870
GGCCCTCACCCACTTA-1	3063	5918
GGCCGGCGTCTGCTAT-1	6917	9271
GGCCGTTTGGGTTTCA-1	4577	8552
GGCCTGCTTCTCCCGA-1	9258	8552
GGCGAAATCTAACTTG-1	7468	6636
GGCGAGCGAAACGGCA-1	1962	7594
GGCGCAGGACATCTTC-1	3338	5918
GGCGCATGAATTGATG-1	5197	6517
GGCGCGGAGATCTTTC-1	7399	8433
GGCGCGTTCGAGTTTA-1	5541	7115
GGCGCTTCATTCCCTG-1	6367	9510
GGCGGAGTAATATTAG-1	4646	5319
GGCGGTAGGATCATTG-1	6229	5199
GGCGTAGGGAAAGCTG-1	7124	9151
GGCGTCCTATCCGCTG-1	3751	5199
GGCTAAAGGGCGGGTC-1	8294	3762
GGCTAATGATTGAAAT-1	9257	2804
GGCTATTAAGTTGTAT-1	4302	5439
GGCTCGCGTTGAGGTA-1	7881	5199
GGCTCTGCTCCAACGC-1	6436	4600
GGCTGAAATAGCAAAG-1	6917	7355
GGCTTTCAATAAGGGT-1	5747	8672
GGGAAAGAATGCCAAC-1	8913	9870
GGGAACGGGAGGTTAG-1	4027	6157
GGGAAGACGGTCTGTC-1	6711	9151
GGGAAGGGCTTTCTCA-1	7468	9031
GGGAATGAGCCCTCAC-1	8844	3762
GGGACAGAGTTACTCC-1	2788	8313
GGGACCCGTATATCTT-1	5128	8313
GGGACTGCATAGATAG-1	5610	5319
GGGAGAACTCACAGTA-1	5885	5319
GGGAGCGACCGTAGTG-1	7399	9630
GGGAGGATGCCCGAAA-1	4990	5918
GGGAGTTAATGAGGCG-1	6642	5439
GGGATGGTCGTAACCG-1	4440	7115
GGGATTTACCGCACCT-1	7674	6516
GGGCAACCGCACGTGC-1	2788	8073
GGGCACTATTGACCAT-1	1687	8792
GGGCAGACGTCACTGC-1	1756	7235
GGGCAGAGCAATCGTT-1	5610	8433
GGGCAGTCAACGCCAA-1	6918	9750
GGGCCCGTCTTAAACA-1	5059	6517
GGGCCGGCCGAAGTAC-1	7261	5798
GGGCCTAAATGGGCTA-1	2100	6876
GGGCGATATGTGTGAA-1	5472	4840
GGGCGGCAAATGAATT-1	4577	7355
GGGCGGGTTCCCTACG-1	4027	6636
GGGCGTACATTTATAT-1	5197	4361
GGGCGTCACCACGTAA-1	4922	7235
GGGCGTCCACTGGCTC-1	7261	3403
GGGCGTGGTTTCCCAG-1	7055	8792
GGGCTACTATTTCGTG-1	1893	7475
GGGCTATGATCGATGG-1	4990	8313
GGGCTCATCGAACCCA-1	7606	4481
GGGCTGCCTAGGGCGA-1	6229	5439
GGGCTGGTTAGTCGCG-1	4990	5199
GGGTACTTCATGAACT-1	4164	5918
GGGTATGTATGCACTT-1	3407	4840
GGGTATTCTAGCAAAC-1	2513	8073
GGGTCACCGTGACGGT-1	4715	5678
GGGTCAGGAGCTAGAT-1	5266	9271
GGGTCGTGGCAAGTGT-1	8844	4481
GGGTCTATCGCTTTCC-1	9258	9031
GGGTGACACCTTAACT-1	5334	6996
GGGTGCATATGAAAGC-1	9189	5079
GGGTTAACATTTGAGT-1	4922	7954
GGGTTTAGGATAGGAT-1	8844	6636
GGTAAACTCTGCGCTG-1	9326	9391
GGTAACCGGGAGGATA-1	3339	8313
GGTACAAACATGCTAT-1	5197	6277
GGTACCATTAAGACGG-1	8707	4960
GGTACGTTGCGGCCGG-1	9189	9391
GGTAGAAGACCGCCTG-1	6367	7834
GGTAGACCGTTGGGCG-1	5128	7834
GGTAGTGCTCGCACCA-1	6436	5558
GGTATAGTGACACATA-1	9326	5558
GGTATTGCCGAGTTTA-1	5128	5439
GGTCAAGACTACTTCG-1	8707	7834
GGTCAGTGGGTCCCAC-1	5747	7235
GGTCGGATAAACGGCG-1	8156	4241
GGTCGGCCAGGAGCTT-1	7261	5319
GGTCGGTCGTCCACAG-1	5059	8193
GGTCGTAAGCTCGCAC-1	2788	7355
GGTCTCCGTCCAGGTT-1	8432	9031
GGTCTCTGAATGGACT-1	3820	7714
GGTCTGAGAATCTGGA-1	6986	5079
GGTCTTGAGCGCTCTT-1	5954	9271
GGTGAAGTACAGGGAT-1	4027	7115
GGTGATAAGGAGCAGT-1	6917	5918
GGTGCAGAGCCTATCG-1	8638	2924
GGTGCTGGTACACATT-1	4646	6517
GGTGGACTGCTCTGGC-1	7330	8073
GGTGTAAATCGATTGT-1	5954	9750
GGTTACCACCCTCGGG-1	3751	6876
GGTTAGCTATATGTCT-1	7468	7115
GGTTAGGCTTGGAGAA-1	3958	4840
GGTTCGGATTATACTA-1	1962	6157
GGTTCTACTCGTCTGA-1	8707	6157
GGTTTAATTGAGCAGG-1	9464	4600
GGTTTACAATCTCAAT-1	6504	4481
GGTTTAGCCTTTCTTG-1	8500	6995
GGTTTCAATCGGTCAG-1	7743	5439
GGTTTGACAAGAAGCT-1	9188	2924
GGTTTGTGACCTGAGG-1	8707	8792
GTAACATCTAAGATAA-1	9051	8193
GTAAGCGGGCAGTCAG-1	5816	4241
GTAAGTAACAGTCTGG-1	7124	6277
GTAAGTAGGGTATACC-1	3958	4601
GTAATAAAGGGCTCCC-1	8569	5199
GTAATCTGATTCTTCG-1	4509	7475
GTACACTTACCTGAAG-1	5885	5798
GTACAGAGGCAAGGGT-1	7193	5918
GTACGAGATTGCGACA-1	5403	4002
GTACGCTTCATTGCAC-1	6436	6996
GTACGTCACGTATTAA-1	8844	2804
GTACGTTTGCCCGTCA-1	6160	6756
GTACTAAGATTTGGAG-1	5266	4720
GTACTCCCTTATCGCT-1	3407	5798
GTACTCCTGGGTATGC-1	8500	4600
GTACTGGAGTTAGACC-1	7055	5439
GTAGACACGCCTGACT-1	6092	9031
GTAGAGGGAGACAAGT-1	3614	7594
GTAGCCAAACATGGGA-1	6298	7475
GTAGCGGCTATACACT-1	6229	6157
GTAGCTTCCTCTTGTT-1	7606	5199
GTAGGTGATCCGTGTA-1	6917	3523
GTAGTCGCGGGAATCA-1	7055	7355
GTAGTCTACGATATTG-1	6780	9031
GTAGTGAGCAACCTCA-1	9258	9750
GTATAGGACTCAGTAG-1	5472	3882
GTATCAAACGTTAGCT-1	8156	8073
GTATCCTTTGGTAACC-1	7812	9151
GTATCTCAGTCTTGAC-1	2994	8433
GTATCTTTCATAACCA-1	6023	6996
GTATGAAATTTCACTC-1	2994	7714
GTATGTGGGTCTAGTT-1	7812	6037
GTATTCTGAGAAACGA-1	4096	7235
GTCAAAGAAGTGGTGT-1	2719	8193
GTCAACCAGGCCTATA-1	8569	9271
GTCAAGCGGACTCGGG-1	6780	6157
GTCAGAATAGTCTATG-1	3683	5080
GTCATGCACCTCCGTT-1	5678	4960
GTCATGCGCGAGGGCT-1	8225	9151
GTCATGGACATGACTA-1	5747	4600
GTCATTAGAGCGAACG-1	6091	5918
GTCCAATATTTAGCCT-1	5128	9271
GTCCATTACTGCTACG-1	8776	6516
GTCCCAACGTAAAGTA-1	6504	5439
GTCCCAATCATCCCGC-1	1618	6517
GTCCCGCGACGTTATG-1	7124	8433
GTCCGGACCTGAAATT-1	7537	7954
GTCCGGCTGAATTGCG-1	5059	4840
GTCCGGGTTCACATTA-1	6367	9750
GTCCTACGAATAGTCT-1	7743	7834
GTCCTACTCTACGGGC-1	1893	7954
GTCGCCGTTGTGTGTT-1	4440	8313
GTCGCGTAACCCGTTG-1	6642	6157
GTCGGAAGGATACCAG-1	9395	3044
GTCGGATATCTCAGAC-1	3958	5319
GTCGGATGTAGCGCGC-1	6780	3523
GTCGGGAACATGGTAG-1	1756	6277
GTCGGGAAGCAGAAAC-1	5954	8552
GTCGTACCATCTCGGG-1	5747	6996
GTCGTACCTACGATTG-1	2100	5918
GTCGTATTGGCGTACA-1	8018	3762
GTCGTGTCTGGTCATC-1	9051	4840
GTCGTTATTCGCTTAT-1	6711	6996
GTCTAGTGAGCCGCTT-1	7812	9391
GTCTATCTGAGTTTCT-1	4371	6277
GTCTATTGCATGCTCG-1	8707	9271
GTCTATTGGTTCCGGT-1	7674	7474
GTCTCAAGGCCCGGCT-1	6023	8672
GTCTCCCGAGTCCCGT-1	9051	10109
GTCTCCTGCCAGTATG-1	2375	8552
GTCTCGACTAAGTTTG-1	9120	4481
GTCTCGATCTGCTTTC-1	6986	3882
GTCTGGGCGGTCGAGA-1	4509	6996
GTCTTACCACGCCAAG-1	9326	10349
GTCTTGTAGCTATTCA-1	9189	6756
GTGAAACGGCGCCACC-1	7537	4361
GTGAACTCCCATTCGA-1	8638	5079
GTGAAGATTTCAAGTG-1	8569	4002
GTGAAGCCGTATAGTC-1	8844	4002
GTGAAGTCACGACTCG-1	1962	7355
GTGACAGCTTCCCACT-1	6573	9151
GTGACCGCACACTACG-1	7743	6157
GTGACGAGGGTGACCC-1	9326	5319
GTGACGCAGGTTTCAT-1	6642	9271
GTGACTTCAGTAGTGC-1	4921	6996
GTGAGCGTGCTGCACT-1	3201	5439
GTGAGGACACTTAAGG-1	6780	6397
GTGAGGAGCGGTTGAG-1	7468	3044
GTGAGTCGACTAATAG-1	9258	9989
GTGAGTGGTACAACGC-1	5334	7714
GTGATCACTAACGCCT-1	8156	7115
GTGATCATAGATCTGC-1	5403	6876
GTGATCCTTGTCATGA-1	7262	8912
GTGATGCACAACATCT-1	8087	2924
GTGATTCGCCGCTCAA-1	4233	7235
GTGCACCAGCTTCAAC-1	5197	9391
GTGCACGAAAGTGACT-1	6367	3523
GTGCCATCACACGGTG-1	3820	6517
GTGCCCGTTCGGATTC-1	7330	6157
GTGCCGCTTCAAAGGT-1	4509	6756
GTGCCTGAGACCAAAC-1	7606	9750
GTGCGAAATCGAACAC-1	4440	6876
GTGCGACAGGGAGTGT-1	8363	5798
GTGCGGGTCTCCAAAT-1	5334	3882
GTGCGTGTATATGAGC-1	7193	6397
GTGCTCAAGTACTGTC-1	5059	5559
GTGGAACCTACATGCG-1	7055	3283
GTGGACCAACCCGATT-1	3476	6876
GTGGACGCATTTGTCC-1	5885	8193
GTGGAGCGTTTACCGA-1	2582	8433
GTGGAGTCGGCGGTTG-1	4096	7954
GTGGCAAACAGCGGCA-1	2857	7475
GTGGCGGTCCCAGCGT-1	2857	6277
GTGGCTGTTTCTGTTC-1	7812	9870
GTGGGAAGACTGAATC-1	2513	6876
GTGGGCTTAGACACAC-1	4164	4960
GTGGGTACTGAGCGTA-1	1618	7475
GTGGTATAGTCTGCCG-1	4302	8313
GTGGTGGCCAAGTGAA-1	6917	6876
GTGGTTACTTCTTTCG-1	8707	5199
GTGGTTTCCGCCTTTC-1	3683	6517
GTGTACCTTGGCTACG-1	6848	4600
GTGTATATCAGCGGGC-1	6711	8433
GTGTCGTATAGCGTTC-1	6711	7954
GTGTGAATAACTTAGG-1	7193	5439
GTGTTACTATGCGTCC-1	6642	6397
GTTAAAGTAGGACTGG-1	7193	7355
GTTAACATCACTTAAA-1	6504	8073
GTTAACTATGTTGTCA-1	9120	6636
GTTAAGGGTGCGATGT-1	6367	8792
GTTACAATTGGTGACG-1	3751	5918
GTTACCTACAACTTGC-1	6092	7115
GTTACTTTGGGCCTAG-1	4990	6636
GTTAGCCCATGACATC-1	6642	9510
GTTAGCCGTAAATCAA-1	9051	5079
GTTAGGCTACCCGTTT-1	2444	7954
GTTATAATACGGTGAA-1	8845	7834
GTTATATCAGGAGCCA-1	9395	4241
GTTATATTATCTCCCT-1	5334	7235
GTTATCAAGCTATCGA-1	8569	9989
GTTCACAGGAGTCTAG-1	3820	5319
GTTCATCGTTTGGCTG-1	8707	5439
GTTCGCCATAAGTGCC-1	5128	5918
GTTCGCTGAGACGTCT-1	8982	7834
GTTCGGATCGGGAACA-1	9051	6756
GTTCGGGCGTACCATT-1	8913	5319
GTTCGTCTAAAGAACT-1	7606	7594
GTTGAACCGGTTCCAT-1	4233	6517
GTTGAGTCCCGCCGGT-1	6849	7714
GTTGCACGGAGTTTCG-1	4784	4361
GTTGGACCGCATCAGG-1	9464	3882
GTTGGATTCAGTGGCT-1	8087	3403
GTTGGATTGAGAACAC-1	7537	5319
GTTGGATTTGCGTTGG-1	4921	5798
GTTGGTCATGCTATCC-1	5816	8073
GTTTACGTTCCATCTG-1	5885	7235
GTTTCAAACGAGTTGT-1	8982	8792
GTTTCATATCGTCGCT-1	3338	6157
GTTTCCTGGAGGGTGA-1	4853	4481
GTTTCTAGAGGCGCGG-1	7881	9750
GTTTCTGCAGTCTCCC-1	6436	6277
GTTTGACCAAATCCTA-1	5472	5079
GTTTGGCCCAAGTTAT-1	6986	6516
GTTTGGGCTTGTGAGC-1	5954	7594
GTTTGGGTTTCGCCCG-1	7743	9031
GTTTGGTAGGGTCAAC-1	5541	7834
GTTTGTTAGCCAAGTA-1	1687	7834
TAAACCCAGGAGGGCA-1	3958	7954
TAAAGCGGTATTTCCA-1	4853	9031
TAAAGCGTTAGGAGAA-1	7537	4840
TAAAGCTGCAATAGGG-1	8156	3523
TAAATGCCGTCTCATG-1	8569	2804
TAACATACAATGTGGG-1	6298	6037
TAACATACACGCGATC-1	3201	8073
TAACCTACCGTCCGAG-1	8431	5439
TAACCTAGGGAGTCCA-1	8776	8672
TAACTATTACGCCAAA-1	8844	4960
TAACTCATCCGCGCGG-1	4853	6636
TAAGAGGGACAGGGAC-1	2788	9031
TAAGCCCTTACGACCA-1	9326	3163
TAAGGCAACATAAGAT-1	6367	4481
TAAGGCATAACATCAA-1	4853	8313
TAAGGCCCGTCACCCT-1	6298	8912
TAAGGCTGAATCCCTC-1	8156	6876
TAAGGGCCTGTCCGAT-1	8019	8313
TAAGTAACATCTTGAC-1	4233	6996
TAAGTCGCCGAGTATC-1	3683	7954
TAAGTTGCGACGTAGG-1	8019	7834
TAATAAACAAGGAGAT-1	7743	3523
TAATACACAGTAGTAT-1	5885	3882
TAATACTAGAACAGAC-1	6780	9750
TAATAGAACAGAGTTA-1	4096	7475
TAATAGGTCACCAGAA-1	2926	8792
TAATAGTGACGACCAG-1	7193	4720
TAATCGATCCGTACGT-1	7881	4481
TAATTACGTCAGTAGA-1	8500	8912
TAATTAGGACATCCGT-1	8913	6516
TAATTGGAATCGGGAA-1	8707	3523
TAATTTCCGTCCAGTA-1	1480	6277
TACAACAGCGCATACA-1	9120	10468
TACAACGCACAACTCA-1	4853	6397
TACAAGGGCTTCTTTA-1	7950	9630
TACAAGTCTCGTGCAT-1	3338	5199
TACACAGCCGTGGTGC-1	6573	10109
TACACCTCTTCGAATC-1	7743	9989
TACAGAAACGGTGGGC-1	7330	8552
TACATAGGCATACACC-1	5610	6277
TACATCCCTATCCCTG-1	2444	6756
TACATTTCTAACGTGC-1	5266	6157
TACCAAATAGCCCAGA-1	5679	8552
TACCAATAAAGTACCA-1	7193	8073
TACCAGAAGTAGGTTC-1	4990	7355
TACCGAATAATTGTAA-1	7881	9510
TACCGCGGACTTGCAG-1	8156	5439
TACCGGCTCACTGCCC-1	5954	7115
TACCGGTCGTTTCCAT-1	3820	6756
TACCGTAGGTTAACTA-1	5403	8552
TACCGTGCCTCGGACC-1	6229	7594
TACCTACTCCCAGTAT-1	5747	8433
TACCTATCCCTAGAGG-1	1618	6277
TACCTCAGTTGTCTGT-1	4922	8672
TACCTTAAGATTTCCC-1	3476	7355
TACGAACACGACTTCA-1	5128	5199
TACGACGCTTGCTGCG-1	5197	6996
TACGACTGCCTCTTAG-1	6023	6756
TACGAGAACTTCACGT-1	4164	5678
TACGATGTTGATCATC-1	3889	5678
TACGCAGTTCTTTCCT-1	4990	6397
TACGCCATATTCTAAT-1	5472	6277
TACGCCGAGGGTACCC-1	3820	8193
TACGCCTCCATTCCGA-1	5541	8073
TACGCTATAGAAACCT-1	8638	5558
TACGCTCGGTATTGGA-1	9258	8792
TACGGAAGCCAAACCA-1	6505	9750
TACGGGATGCTAGCAG-1	7193	4002
TACGGGTAATAACATA-1	7537	10109
TACGTAAAGCGGAGTG-1	8569	9031
TACGTGGGCCCAGGGC-1	7055	9750
TACGTTTACCGGCAAT-1	3683	6277
TACTACGTGCAATGCG-1	7330	9989
TACTATGGTTCCTCAG-1	4715	8313
TACTCGGCACGCCGGG-1	2581	5798
TACTCGTTTGAATCAA-1	7399	10109
TACTCTCCGAACAAAT-1	7055	4002
TACTCTTACTTTACTG-1	9120	8552
TACTCTTTCGTCTTCA-1	4646	8433
TACTGAACAGATTTAG-1	4509	8193
TACTGAGGGAAGAAAG-1	1893	8672
TACTGCAATCAATTAC-1	8500	4121
TACTGGACAGCTCGGC-1	3201	5678
TACTTAAACATGTACA-1	8913	9391
TACTTGTTAGTAGTCC-1	7468	5918
TACTTTACTGAGCCGG-1	8087	5079
TACTTTCCGCACGCCA-1	2788	7115
TAGAAAGGTGGCGCTA-1	7055	5199
TAGAATAGCCGATGAA-1	8363	8912
TAGACGAAACGCCAAT-1	6505	9031
TAGACGCCCGTACCGG-1	7674	5319
TAGACTACCTAGCGTT-1	8638	6037
TAGAGATCATGCAACT-1	3270	6756
TAGAGGTTCTACTTGT-1	8087	7954
TAGAGTCTAAGCGAAC-1	5266	4960
TAGATATGGACTGGAA-1	5128	7355
TAGATGGTTCCTTACT-1	8156	8552
TAGCAGATACTTAGGG-1	7881	10229
TAGCAGTATGACTAAA-1	8225	9391
TAGCCATTTCAAAGTC-1	7606	6636
TAGCCGGCGGTCAGCG-1	7330	5439
TAGCGTCCCTCGATTG-1	8982	6876
TAGCGTCCGGTGTGGT-1	6780	7834
TAGCGTTGGGTCTTAC-1	6160	6037
TAGCTAAGTCCGGGAG-1	5403	4960
TAGCTAGAAGGCATGA-1	4990	7594
TAGCTAGTGATGATGG-1	4784	8672
TAGCTCGCCTGATAAC-1	5472	7475
TAGCTGATGTGAAGCG-1	2168	6517
TAGGAGGCTCGAGAAC-1	9395	10229
TAGGCATGTTACGCCA-1	7330	4241
TAGGCCTATATAGTCT-1	9051	9391
TAGGCGATGAGGTCTC-1	2237	8073
TAGGCTAAAGTGGCAC-1	8294	9271
TAGGGAGCTTGGGATG-1	8087	5798
TAGGGTGTTTCAAGAG-1	5197	4121
TAGGTCGCCGGAACTG-1	8363	5319
TAGGTGACGATAACCT-1	6917	8792
TAGGTGAGCCCTACTC-1	3751	4960
TAGGTGCTCGCCTAGC-1	7399	6277
TAGGTGTTCCACAGAT-1	5610	8672
TAGGTTCGAGTTCGTC-1	6091	5678
TAGTACCACAACTTTC-1	2375	9031
TAGTAGCTTATACCAG-1	4440	8792
TAGTCCGCAGAGAATG-1	5128	6157
TAGTCGATCACGGGTT-1	8087	7235
TAGTCTAACAACGAGA-1	3820	6277
TAGTCTGTGACGTTGC-1	8569	4241
TAGTGCCCTCCAGAGT-1	5059	5319
TATACACAGACGCCTT-1	5610	7475
TATACGCGTCATCACT-1	6160	8672
TATAGATGGTCGCAGT-1	8500	6277
TATAGCGCACGTTATC-1	1962	7115
TATATATCGAGAAATG-1	3407	8672
TATATCCCTGGGAGGA-1	8225	5798
TATATTACAAATGTCG-1	8844	3523
TATCACCCAACCGACC-1	8363	4361
TATCACTTCGAGTAAC-1	8294	3523
TATCAGTGGCGTAGTC-1	2031	7954
TATCCAATTGGTTATC-1	6917	8073
TATCCATCTCGGTTAG-1	2650	8792
TATCCGCACCGTCGGG-1	5128	8552
TATCGATCTATGCATA-1	7537	4121
TATCGATGATTAAACG-1	4853	4241
TATCTACCACAGCGGG-1	5610	6517
TATCTGAGCCGATATT-1	2031	9151
TATCTTGCAATACAAC-1	2582	8193
TATGAAGAATTAAGGT-1	8294	9510
TATGACCTTGCGCTGG-1	1480	7235
TATGATCCGGCACGCC-1	9189	4600
TATGATCTTCTCTTTA-1	7675	8433
TATGCTCCCTACTTAC-1	5678	4481
TATGGATGTGCTACGC-1	5197	4600
TATGGCCCGGCCTCGC-1	3545	5080
TATGGGACCGAGCAGG-1	5334	5798
TATGGGTACGTATCGT-1	5472	5319
TATGGTCTGAGTAACA-1	5472	5798
TATGGTTAGTGGGAGA-1	8707	6397
TATGTAGAAACCCGGC-1	1962	8792
TATGTCAAGACCGACT-1	7812	3882
TATGTCTCATTGTGCC-1	7124	5079
TATTAACACCAAAGCA-1	2169	7954
TATTAACCTGACCGCG-1	4577	8313
TATTACCATCCTGCTT-1	8087	6037
TATTATGTTTGCCTGC-1	2650	8313
TATTCAATTCTAATCC-1	6573	5558
TATTCCACTCAGCTCG-1	5403	7355
TATTCCGAGCTGTTAT-1	7399	7954
TATTCCTCCGCCCACT-1	3683	7235
TATTCGTGCCAGAATA-1	5885	5558
TATTGCCGGGCTTGTA-1	9258	9510
TATTTAGTCTAGATCG-1	5472	3642
TATTTATACCGAGTAG-1	6848	3403
TATTTGTTACCCTTTA-1	4646	4361
TCAAACAACCGCGTCG-1	5610	4361
TCAAACTTAGATTGTT-1	5954	5199
TCAAAGAGCTATCTGT-1	1824	7355
TCAAATTGTTGTGCCG-1	6849	9630
TCAAATTTGAGACTCA-1	6298	8672
TCAACAAAGATAATTC-1	3476	7834
TCAACATAGCGCCCTA-1	4509	8433
TCAACATCGACCGAGA-1	2581	6756
TCAACCATGTTCGGGC-1	4990	4481
TCAACGAGGAGACAAA-1	5334	6517
TCAACGCAGGAAATAA-1	3614	7355
TCAACGCGACCGGCAG-1	3063	6157
TCAACTGCAGAGTCAG-1	8913	8193
TCAAGAAATACTAGCT-1	8913	5558
TCAAGCGCGGACGGTA-1	9326	8432
TCAAGGTTACTACACC-1	8569	7115
TCAATACGCCGTCATG-1	5679	9031
TCAATCCGGGAAGTTT-1	8638	10349
TCACAAACCGAGGTAC-1	8019	8792
TCACAGCAAACTCGAA-1	4853	7594
TCACAGGAGAATAAGA-1	4853	8073
TCACAGGGAATCGCAA-1	6917	7115
TCACAGGTTATTGGGC-1	4784	5319
TCACCCTCTTAAGATT-1	5541	6876
TCACCGCTCGGCACTC-1	7812	5079
TCACGATGTCCGTGGA-1	3407	7714
TCACGCATTGTAGATC-1	4853	5439
TCACGGTCATCGCACA-1	4577	4241
TCACGTGCCCGATTCA-1	5747	6038
TCACTACGACCAATGC-1	8018	3044
TCACTATCCCTTCGGT-1	8638	10109
TCACTCGTGCAACGGC-1	7881	3283
TCAGAACCTCCACAGG-1	8776	5079
TCAGACGCTATAGAAG-1	6436	7235
TCAGCAAATGCATCTC-1	6504	5199
TCAGCCAATCCGTAAA-1	8707	9031
TCAGCTTGAGCTTTCG-1	1618	8912
TCAGGGTGTAACGTAA-1	6436	4840
TCAGGTTCTTTGAGAA-1	4371	5080
TCAGTACTGACCCGCG-1	3820	4601
TCAGTAGGGACTATAA-1	4784	6996
TCAGTGTATACGTCAT-1	3958	8433
TCATATGAGCTTTGTT-1	5747	9151
TCATCCTCAGCTGCTT-1	7675	9630
TCATCGACGACCGTCG-1	7262	9870
TCATCGATGGTCCCAA-1	3476	8313
TCATGCAGGTTCTCAT-1	7261	3642
TCATTTAAGTCTCCGA-1	8294	5678
TCATTTAGAAGTGTGA-1	9051	7953
TCCAACTCAGCTATCT-1	7743	9510
TCCAACTTTAAATTCT-1	4233	6277
TCCAAGCCTAGACACA-1	6917	9510
TCCAATAAAGGCTACC-1	5128	9031
TCCACAATGGTTTACG-1	3958	5080
TCCACCAAGACATAGG-1	8913	10109
TCCACCTCTAGCCTTT-1	5128	8792
TCCACTTTATCTAGGT-1	6917	5199
TCCAGAGCACCGGTTC-1	6298	6277
TCCAGATGTACGCCAA-1	9326	4361
TCCAGGCGAGTACGGT-1	5403	5199
TCCAGGGTATATACGA-1	5816	8792
TCCATCAATACTAATC-1	2444	9151
TCCCAAACAGACAACG-1	9051	4121
TCCCAAAGACGAAGGA-1	5610	4600
TCCCACTCTCTTCCGG-1	8844	5199
TCCCAGCTTTAGTCTG-1	5334	5559
TCCCAGGCTTAGCTAA-1	4784	5080
TCCCGCGTACTCCTGG-1	6229	4720
TCCCGGGTGTGCTGCT-1	3820	5559
TCCCGTCAGTCCCGCA-1	6642	4241
TCCCGTCGCGTCATAG-1	9395	4960
TCCCGTGTGCAATTTG-1	6986	6756
TCCCTAGATCAATAGG-1	9326	4840
TCCCTGGCGTATTAAC-1	2719	8433
TCCCTGGCTCGCTGGA-1	3338	5439
TCCCTTAGATTACTCG-1	7399	3642
TCCGAAGTAGTCACCA-1	9051	3163
TCCGAATGGTCCTGAG-1	9257	5199
TCCGATAATTGCCATA-1	5885	3642
TCCGATGACTGAGCTC-1	6711	4121
TCCGATGGTGCGACAT-1	5128	4481
TCCGATTACATTGCCG-1	3683	5319
TCCGCCTGTCTACAAG-1	6573	8193
TCCGCGGCAGCATCTG-1	7261	5558
TCCGCGGCCCAATGAA-1	8294	7834
TCCGCTGTCATCCCGG-1	7055	7115
TCCGCTTATCCCATTA-1	5885	7475
TCCGGAGGAAGGGCTG-1	8913	3163
TCCGGCCTAGCGTACA-1	8225	4840
TCCGGGCTTGACGGGA-1	8088	9391
TCCGGTTCGTCCGGTC-1	5128	7594
TCCGTTAAGCTAATAT-1	8363	7714
TCCGTTTAGCCTTGAA-1	7606	4960
TCCTAAAGATTCAGAC-1	7262	9630
TCCTAAATTGGGAAGC-1	6298	8193
TCCTAACCGTCGGGCA-1	4646	8912
TCCTACATCCACGGCC-1	7262	6995
TCCTAGCAAAGAAGCT-1	4302	6397
TCCTCCTAAGACATTC-1	2926	7115
TCCTCGGGCTGGGCTT-1	6711	6277
TCCTCTACGAGATGGC-1	3683	4601
TCCTGCCAACTGGAGA-1	7674	2924
TCCTGCGTTGATACTC-1	3545	6038
TCCTGGCGCTGCCTGG-1	8776	2924
TCCTTACGACGGTCCG-1	8019	7355
TCCTTCAATCCCTACG-1	1549	6397
TCCTTGTCCTTTAATT-1	6229	9750
TCCTTTAAATCCGCTT-1	7812	8193
TCCTTTCTTACGCTTA-1	5747	5079
TCGAAATTTAGGACCA-1	4577	4960
TCGAAGAACCGAGCAC-1	8294	6876
TCGAATATCCCGCAGG-1	3683	8433
TCGACAACTGAACCCG-1	2513	8313
TCGAGACCAACACCGT-1	5266	5918
TCGAGTCTACGATTCG-1	1618	8193
TCGCAAAGATGCATTT-1	6642	7115
TCGCACCAGGAGGCAG-1	6986	7475
TCGCATAAAGGGCGCA-1	9120	9031
TCGCCGAAGTTGCGTC-1	4027	6876
TCGCCGACATATTCGC-1	7399	9391
TCGCCGCACCGCGTGA-1	1893	6996
TCGCCGGTCGATCCGT-1	5678	3762
TCGCGTAGCAGTGTCC-1	8294	8313
TCGCGTCCAGAAGGTC-1	3476	5199
TCGCTAAACCGCTATC-1	7606	3762
TCGCTACTGGCTTTGA-1	6505	9271
TCGCTCGATATATTCC-1	5816	4960
TCGCTCGGCACCAGCG-1	8913	4361
TCGCTGCCAATGCTGT-1	6986	9630
TCGCTGGGCGGATTGT-1	6573	4840
TCGCTTTAAACGTTTG-1	7468	4481
TCGGAATGCGCTCTGA-1	3407	5080
TCGGACGCCCAGCCCA-1	6917	5439
TCGGAGAGTATCGGGA-1	3063	6876
TCGGAGTACATGAGTA-1	6573	5319
TCGGCGAACCCAAACC-1	8707	7355
TCGGCGTACTGCACAA-1	2375	7355
TCGGCTTGTATCGACG-1	8087	8433
TCGGGAACGTGCCTAG-1	8982	5199
TCGGGAGACAGCGTAC-1	6367	8552
TCGGGCCGTCGTGGTA-1	7537	6277
TCGGTCCCGACAATAG-1	3063	8313
TCGGTGACCGCTCCGG-1	8982	3283
TCGTAAGACGACATTG-1	6780	4720
TCGTAAGCTCCGAGGA-1	8776	3403
TCGTACCGACGTCAAG-1	5335	9630
TCGTATTACCCATTGC-1	3201	5918
TCGTCAAGTACGCGCA-1	4096	8193
TCGTCTTAGGCGTTAA-1	7193	7834
TCGTGTACTATGGATG-1	6780	7115
TCGTGTCACGCTGACA-1	3063	6636
TCGTGTTCGACCACAA-1	8707	8313
TCGTTAGGAGTCCCTA-1	5197	7714
TCGTTGCTATCCGGTC-1	4646	7954
TCGTTTACGCGACCCT-1	7950	9870
TCTAAAGAACAGTCTC-1	2169	7714
TCTAACCTAGCCTGCG-1	9189	10349
TCTAATACTGCCTCAG-1	3201	8313
TCTACCCAATAGAGAG-1	8776	8193
TCTACCCGCATCATTT-1	9258	10468
TCTACCGTCCACAAGC-1	6091	4720
TCTAGCAATCTCCGCC-1	3545	6996
TCTAGCATCTTCGATG-1	4440	4241
TCTAGCATGCCCAGAA-1	6023	7235
TCTAGGTGGCGACGCT-1	8294	4960
TCTAGTGATATCGTGG-1	8225	6756
TCTAGTTATCAGAAGA-1	5197	5559
TCTATAGGTGGGTAAT-1	8982	9271
TCTATCGGTCGCAACA-1	5885	4121
TCTATGCTATAACGAC-1	7950	9151
TCTATTACTAGAGGAT-1	2513	6397
TCTCAAATCAATCGGG-1	7606	9989
TCTCATGAGATAGGGT-1	7468	7355
TCTCCAACGTAGGTTA-1	6848	3882
TCTCCACAAGTTGAAT-1	7881	8792
TCTCCCTGGGCAGCGT-1	6986	7954
TCTCGAACGAGGTCAC-1	7950	2924
TCTCGACGTATCGCCG-1	9257	6876
TCTCGAGGAGGTTCGC-1	9189	7714
TCTCGTGTTACGAGGA-1	1824	6876
TCTCTAATAGCTGGTA-1	5059	3882
TCTGAACTCGTACCCG-1	8019	7115
TCTGAAGCACGTGGTC-1	7262	8193
TCTGAATTCCGTACAA-1	7950	5558
TCTGAGCAATTGACTG-1	9189	7953
TCTGATGTATTCTGTC-1	7193	7594
TCTGCATACCTTGCTT-1	8294	8792
TCTGCCAGAAACTGCA-1	6917	6397
TCTGGGAACCTTTGAA-1	8225	6277
TCTGGGTAGCGCTCAT-1	3958	6277
TCTGTGCCATCATAGT-1	6986	5319
TCTGTTACCCAGCATA-1	3889	7594
TCTTACCGGAACTCGT-1	7743	4002
TCTTACTTATGCCTCT-1	7881	6876
TCTTAGAGCTCCAATT-1	8913	6277
TCTTAGAGTGAACTCT-1	8294	6636
TCTTCCCATGGGCACA-1	8087	5319
TCTTCGAATAGACGTT-1	6367	6157
TCTTCGATACCAATAA-1	6023	5319
TCTTCTATAACCCGCC-1	8844	6876
TCTTGATGCGTAGCGA-1	6160	5319
TCTTGCTCCCGATACT-1	6092	9271
TCTTGGTAACACCAAA-1	5954	4002
TCTTTAAGACTATGAA-1	8225	5558
TCTTTAGAGTCTAACA-1	9326	7474
TGAAAGGACCTGACTC-1	7193	5678
TGAACTGCTATGACTT-1	1549	6157
TGAATACCGACGCGTA-1	7124	9391
TGAATATGCTATAAAC-1	9326	3403
TGAATGTCAGCCGGCC-1	8982	7115
TGAATTTCACTTGCCT-1	1756	6517
TGACACTTCTCTTTGC-1	8500	3403
TGACAGGACAAGTCCA-1	2100	8073
TGACATATATGACGAT-1	1618	6038
TGACATCGAGCGGACC-1	8432	5678
TGACATGTAACGTGAC-1	5816	9750
TGACCAAATCTTAAAC-1	5747	9391
TGACCCACGTTAGACA-1	4715	5439
TGACGAATATTTCCCT-1	2994	6756
TGACGATGCACTAGAA-1	8019	5918
TGACTATAATCCTTTC-1	6160	6996
TGACTCCGAATCATAC-1	2582	8912
TGAGACGTACCTCTCA-1	1824	6157
TGAGAGATTTACCACG-1	7743	6397
TGAGATTAGGCCCTAA-1	7950	3403
TGAGCCATACAGTCTC-1	4096	6517
TGAGCGGAAAGTGTTC-1	5954	8073
TGAGCTTTAATGACGC-1	7330	3762
TGAGGAGTGCCAGCTT-1	5472	8433
TGAGGCATGTACTGTG-1	2031	8193
TGAGTAAATTAGCGTA-1	5403	7115
TGAGTGCCTCTTAAAT-1	4302	6876
TGAGTGGTCCGTGACG-1	7261	5079
TGAGTGTAACAACGGG-1	8707	10229
TGAGTTAAAGACATTC-1	9189	7235
TGATACATTTAGCCGT-1	4440	8073
TGATCAGGGAACTGCT-1	3132	6517
TGATCCCAGCATTAGT-1	8844	4720
TGATCGGTTTGACCCT-1	5197	4840
TGATCTACGCTGATCT-1	8363	3403
TGATCTATCACACTCT-1	7812	10109
TGATCTCCGGCGCCAG-1	4921	4840
TGATGGCTGTTTCTGA-1	9326	5079
TGATGTCAATTAAGTG-1	8569	8552
TGATTATGGCACGCAG-1	9120	3044
TGATTCAGGTCCCGCG-1	2031	7235
TGATTCCCGGTTACCT-1	4922	9151
TGATTCGTCTATCACT-1	4302	5199
TGATTCTGTCGCCGGT-1	4509	7235
TGATTTATTAGCTGTG-1	3820	6038
TGCAACCCATCTGCGG-1	7675	8672
TGCAACTACTGGTTGA-1	7743	9750
TGCAAGAATGACGTAA-1	5610	5079
TGCAATCTAACACGGT-1	7675	8912
TGCAATTTGGGCACGG-1	8638	3163
TGCACAGTGAAGTTAT-1	8363	2924
TGCAGAACTATATCGT-1	2994	6517
TGCAGAGTACCGAGCA-1	4646	6038
TGCAGATCGTCCTAGG-1	2719	6517
TGCAGCTACGTACTTC-1	2581	6517
TGCAGGATCGGCAAAG-1	6573	4361
TGCAGTTTCCTCCCAT-1	7674	6277
TGCATATGTCTGTCAC-1	7330	5678
TGCATGGATCGGATCT-1	6091	3762
TGCATGTGGTAATCTA-1	7055	4960
TGCCAAAGTCAGACTT-1	2788	6636
TGCCAATGGGTACTCT-1	5059	7954
TGCCACACTAGAGGAA-1	1687	6636
TGCCACCTGGCGAAAC-1	6711	3882
TGCCAGTACGTGGAGA-1	6367	7594
TGCCATTACTAAAGAA-1	7468	4002
TGCCCGATAGTTAGAA-1	6849	10109
TGCCCGTACCGTTAAA-1	6642	6876
TGCCGTGGATCGTCCT-1	5816	8313
TGCCGTGGGACCCAAT-1	6092	9989
TGCCGTTCTTAATCGG-1	1549	8313
TGCCTAATTGAAGATT-1	8707	8073
TGCCTGATCAAACGAT-1	6298	3882
TGCCTTGGCCAGGCAA-1	7124	7714
TGCGAATATGGGATTT-1	2375	6876
TGCGACACCCTAGTGC-1	4646	6996
TGCGAGAATATTACCC-1	4233	7475
TGCGAGATGGCGGCCA-1	9395	2804
TGCGAGCCCTTCCGCG-1	8500	2924
TGCGCAAAGCATTTGG-1	6091	5199
TGCGCGATTAACGGAG-1	4302	4720
TGCGGACTTGACTCCG-1	6711	9630
TGCGGAGTAAAGGTGC-1	6298	4121
TGCGTAAGAACCTGAT-1	4440	6636
TGCGTACGGCTAATTG-1	8432	9510
TGCGTCATGACTGAGC-1	2926	7834
TGCGTTTGTTGACACT-1	6711	6516
TGCTAAGTGTCTATTT-1	7675	7714
TGCTCCACAGTTCTTA-1	8019	6876
TGCTCGGCGAAACCCA-1	5679	8313
TGCTCGGTGGGTCACC-1	6436	9391
TGCTCTTGAGAGTTTG-1	6298	9151
TGCTGTTGAAGAACTC-1	6023	6037
TGCTTCCCAAGCAGTA-1	6023	8912
TGGAACCACTGACACA-1	8500	4361
TGGAAGAAGGGAACGT-1	3889	6157
TGGAAGGATAAAGATG-1	6160	3882
TGGAATATCCTTGACC-1	8844	4241
TGGACCAATCTAAGAT-1	6986	8912
TGGACGCAATCCAGCC-1	2857	8433
TGGACTGTTCGCTCAA-1	6504	5918
TGGAGTGATGCGATGA-1	4302	4960
TGGCAAACTAAATTAC-1	6849	7475
TGGCAACTCGCGCGCC-1	7399	4121
TGGCAAGCACAAGTCG-1	5335	9391
TGGCAATGGGACGGCG-1	8776	7953
TGGCAGATTACGATCA-1	5472	6756
TGGCAGCAGTAATAGT-1	5679	6157
TGGCATGAAGTTTGGG-1	2306	8193
TGGCCAAACTGAAGTA-1	6711	4840
TGGCCAATTTGGTACT-1	2237	7355
TGGCCGTATATTGACC-1	4096	4601
TGGCGACTGCTCCAAA-1	4715	8073
TGGCGATCAAGTTATG-1	5266	7594
TGGCTACACTCTACCT-1	8363	9151
TGGCTATGTGACATAC-1	7124	8672
TGGCTCTTGTCGCGTA-1	2306	6517
TGGCTTATGTATAATG-1	1549	8073
TGGCTTGTACAAGCTT-1	9464	3403
TGGGATGCACTCATTC-1	8225	2924
TGGGCAATAGTTGGGT-1	8913	6995
TGGGCCACAAGAGCGC-1	6436	3642
TGGGCCCATACTAATT-1	7606	7115
TGGGCGATACAATAAG-1	5747	9630
TGGGTGCACAAGCCAT-1	7330	9750
TGGGTGGGATGTCATT-1	9188	2684
TGGGTGTAATAGATTT-1	8500	9630
TGGTAAGCAGGATTGA-1	2237	6397
TGGTAGAATATATGGG-1	8363	7235
TGGTCCCACGCTACGG-1	6573	7714
TGGTCGTGCAAGGCAA-1	1962	6397
TGGTCTGTTGGGCGTA-1	3476	5918
TGGTTAACTTACATTT-1	2031	8672
TGGTTAAGGGCGCTGG-1	9326	4600
TGGTTCAACGGGTAAT-1	6573	7475
TGGTTCGTAGCAAAGG-1	5266	4241
TGGTTTAAACGTGGGT-1	9189	4361
TGTACCTACACGAGGG-1	7743	8552
TGTACGAACAAATCCG-1	5472	6038
TGTACTTCCGGGCATG-1	9326	9870
TGTAGCCAATTCCGTT-1	7055	9989
TGTAGCCATCCCATTC-1	9189	8912
TGTAGGAGAAATTTCC-1	7399	5558
TGTAGTGATCTATAAT-1	3751	5678
TGTATAACAGATCCTG-1	6917	4960
TGTATCAGACTGAAGC-1	9051	2684
TGTATGGCGCAGACAG-1	7881	6636
TGTCATTTGTTGGGAA-1	8982	4002
TGTCCACGGCTCAACT-1	8432	9271
TGTCCTAAGTCACCGC-1	3545	5559
TGTCGTTATCACATAT-1	2513	8792
TGTGACTACGCCAGTC-1	6504	4002
TGTGACTAGAGTTTGC-1	9051	9630
TGTGAGACTAGCCCAA-1	5816	8552
TGTGCCAGAGGCAAAG-1	1480	7954
TGTGCCGGTGCCGGAA-1	8156	7834
TGTGGCAAAGCGTATG-1	7468	4960
TGTGGCGGGCTTCTGG-1	5541	9271
TGTGTCGAAGTCGAGG-1	1480	6517
TGTGTGACCATGAATC-1	1618	7235
TGTTATTGTATGTGGC-1	7399	6756
TGTTCCGCTTCCATGA-1	4509	5798
TGTTCCGGCCTGAGCT-1	6023	9870
TGTTCGTATTGCGGTG-1	5679	7355
TGTTCTTCCATTGACT-1	4440	5439
TGTTGTCAAGAAGTCT-1	7124	4361
TGTTTCTGAAGCGTGC-1	1962	9032
TGTTTGAGATCGTCAG-1	9395	7355
TTAAACTCGAATTCAT-1	8019	5199
TTAAAGTAAGTCGCCA-1	8707	9750
TTAACCAACCCTCCCT-1	5266	3762
TTAACGAACAAGCAGT-1	9326	4121
TTAACTTCAGGTAGGA-1	3270	6996
TTAAGATAGGATTGAC-1	8432	6636
TTAAGCGCCTGACCCA-1	4508	5080
TTAAGGCCCGTACTTT-1	3201	8552
TTAAGTATTGTTATCC-1	7675	9151
TTAATCAGTACGTCAG-1	6711	3642
TTAATGTAGACCAGGT-1	6160	5079
TTAATTGCTTTGGGTG-1	6711	8912
TTAATTTCAGACGCGG-1	6229	3523
TTACAACTACGCATCC-1	5059	4361
TTACACGATCTGCGAC-1	9051	8912
TTACAGACCTAAATGA-1	8087	4600
TTACATGCCACAACTA-1	8569	6397
TTACCATTGATTACCC-1	3407	5559
TTACCCATTGCCGGGT-1	7330	3523
TTACCCTAGGGATTGG-1	5472	8672
TTACGGATGGTTCGAG-1	7881	5439
TTACTAAAGGACTTTA-1	6849	7235
TTACTCCGGCCGGGAA-1	6849	5558
TTACTCTGGTACGTAC-1	3614	6636
TTACTGGGATATTTCA-1	5197	6756
TTACTGTCTAGAGCTC-1	9395	3762
TTAGAAGAACATGACT-1	5885	7714
TTAGAATAAGGGTCGG-1	4577	8792
TTAGACACGATCGTTG-1	7399	3403
TTAGACGAGTCACCTC-1	6986	7235
TTAGAGGGATATACAG-1	1480	7475
TTAGAGTTTAGAAGGA-1	7399	6995
TTAGCTAATACGATCT-1	8225	4121
TTAGCTGATTTGCCGT-1	7950	6037
TTAGTAAACCTGCTCT-1	7950	8912
TTAGTAGGGCGGCGGG-1	3270	5559
TTAGTTATTCGTGGCA-1	7743	7115
TTAGTTCAAGTGTTCG-1	9189	4121
TTATAGGTAATTGTCT-1	6505	8792
TTATATACGCTGTCAC-1	6573	6037
TTATATTTGGCAATCC-1	5885	4600
TTATCCGGGATCTATA-1	7468	7594
TTATCCTCAAGGAATA-1	2719	7714
TTATCTGACATTAGGA-1	2031	6996
TTATCTGTATCATAAC-1	5610	4121
TTATGAATGAAAGGGA-1	5816	6397
TTATGACAAACTGGAT-1	3889	4720
TTATGATCTTAACGAA-1	7124	6037
TTATTAGAGCGTGTTC-1	6298	6996
TTCAAAGTCTCTAGCC-1	6642	5678
TTCAATACTCTGAATC-1	7399	6037
TTCACGAAAGGATCAC-1	5197	6038
TTCACTCGAGCACCTA-1	6229	8073
TTCAGCCCTGGTCCAC-1	7330	7115
TTCAGCTGGCGTGCCC-1	8019	8073
TTCAGGCGTCAAAGCC-1	2581	6277
TTCATGGCGCAACAGG-1	6642	3762
TTCCAATCAGAGCTAG-1	8019	4241
TTCCAATCTGGCTATC-1	4646	7235
TTCCACACAGATTTGA-1	4646	7475
TTCCAGACGAGATTTA-1	9120	6157
TTCCATCATGCGGTGA-1	8294	3044
TTCCATCGACAGCGTG-1	8845	8792
TTCCCGGCGCCAATAG-1	2306	6996
TTCCGCAGAGAAATAT-1	8431	4002
TTCCGCGTGAGGCGAT-1	5885	6996
TTCCGGCCTTGAGGCT-1	4509	7954
TTCCGGCTCGACTTCT-1	9051	2924
TTCCGGTTACCCACTT-1	7468	6876
TTCCTCGAGGGTGTCT-1	4853	4002
TTCCTCGGACTAACCA-1	7399	7475
TTCGACAGAGCCCGTG-1	6160	7714
TTCGACGGGAAGGGCG-1	4508	4361
TTCGCACTCGCGTGCT-1	4577	4481
TTCGCACTGTACGACA-1	5541	8792
TTCGCCGCTCGCGCTA-1	2100	8313
TTCGCGCGCCATACGA-1	4715	8552
TTCGCTATCTGACGTG-1	8363	3882
TTCGGCAACCCGCTGA-1	7537	3403
TTCGGGACTAATCGCG-1	6436	5798
TTCGGGCGCTAGTCTT-1	4027	8073
TTCGGTACTGTAGAGG-1	5816	9510
TTCGTACTCCAGAACG-1	3476	4960
TTCGTTCAACGAAGTT-1	8707	4241
TTCTAACCGAAGCTTA-1	7674	5558
TTCTAGAAAGTCTTAT-1	4646	8672
TTCTAGGCCAATTGTG-1	4508	4121
TTCTATTAAACGCAGC-1	5266	9510
TTCTCTTACAGGTGAT-1	2031	8912
TTCTGACCGGGCTCAA-1	7262	7714
TTCTGCCGCGCCTAGA-1	6229	7355
TTCTGCGGGTTAGCGG-1	6986	6277
TTCTGCTAGACTCCAA-1	8776	4840
TTCTTATCCGCTGGGT-1	8432	7355
TTCTTGAGCCGCGCTA-1	4302	7115
TTCTTGCTAGCATCTC-1	9051	6277
TTCTTGGACGATCTGC-1	3683	7714
TTCTTGGAGTAATGAG-1	6917	4002
TTCTTTGGTCGCGACG-1	8638	4361
TTGAAAGGTGTAAAGG-1	8569	3044
TTGAACGACGTGCTGA-1	7537	8672
TTGAAGAATTCCCAGG-1	4921	5319
TTGAAGGATGGGCGCC-1	2306	8912
TTGAATATGGACTTTC-1	6711	5558
TTGAATCGTTGTATAA-1	2169	7235
TTGAATTCACGTGAGG-1	8156	6157
TTGACAGGAGCTCCCG-1	8294	7115
TTGACATGAACGTGGA-1	3683	6756
TTGACCAGGAACAACT-1	6986	9151
TTGACCATGTTCTCCG-1	6848	4361
TTGACCGTGTTAATGA-1	3820	7475
TTGACGCTCCATGAGC-1	8432	6397
TTGACTACCATATGGT-1	4302	6636
TTGACTATTGTCCGGC-1	8638	6995
TTGAGAAGTTTAGCAT-1	7468	8073
TTGAGAGTACTGCTAA-1	4096	6756
TTGATAGTCAATACAT-1	9395	4720
TTGATCTAACTTTGTC-1	4715	4960
TTGATGTGTAGTCCCG-1	7674	4361
TTGATTAGCTGTTTCT-1	3820	7235
TTGATTATGCAGATGA-1	3751	4720
TTGCACAATTCAGAAA-1	5403	6636
TTGCACGGAGCAGCAC-1	5541	4002
TTGCATGCTGATCACG-1	3889	6397
TTGCCAAGCAGAACCC-1	9326	6756
TTGCCATAGCCCGCTC-1	3132	7954
TTGCCCTGATCACGGG-1	3820	5798
TTGCCGCAGACCTACA-1	2719	8912
TTGCCGCTTTCTAGTA-1	6849	8912
TTGCCGGTGATCCCTC-1	8156	2804
TTGCCTTCTCGCCGGG-1	8638	9630
TTGCGCTTGATCAATA-1	8432	9750
TTGCGGCATCAGAAAG-1	4577	7834
TTGCGTCGGCCAACCG-1	4302	7594
TTGCGTGAACGCTTAG-1	8087	3163
TTGCGTGTGTAGGCAT-1	7193	9750
TTGCTCATAGTACGTG-1	8845	9510
TTGCTCCCATACCGGA-1	6436	4121
TTGCTGAAGGAACCAC-1	5403	3762
TTGCTGATCATGTTCG-1	5403	5439
TTGGAAGAATACAGTC-1	3132	7475
TTGGACATGTGGCTTA-1	3476	6397
TTGGACCATCTGGCAA-1	8707	7594
TTGGACCTATAACAGT-1	7399	8193
TTGGATATCGTCTACG-1	5059	7235
TTGGCCTAGAATTTCG-1	7124	3403
TTGGCTCAATATGTGT-1	9258	9271
TTGGGACACTGCCCGC-1	6298	4840
TTGGGACGTAAGAGTT-1	8982	7594
TTGGGCGGCGGTTGCC-1	6711	5079
TTGGTCACACTCGTAA-1	4784	7235
TTGGTTGCGGTGCGCG-1	3063	7834
TTGTAAGGACCTAAGT-1	3683	6996
TTGTAAGGCCAGTTGG-1	7055	4720
TTGTAATCCGTACTCG-1	5266	5678
TTGTACACCTCGAACA-1	1549	7594
TTGTCACCGCGGTATC-1	1824	7834
TTGTCGTTCAGTTACC-1	5472	4121
TTGTGAACCTAATCCG-1	7675	8193
TTGTGAGGCATGACGC-1	2375	6636
TTGTGATCTGTTCAGT-1	9120	9750
TTGTGCAGCCACGTCA-1	6573	8672
TTGTGCGGAAGCGGAT-1	1618	8672
TTGTGGCCCTGACAGT-1	5610	3642
TTGTGGTAGGAGGGAT-1	3407	7475
TTGTGGTGGTACTAAG-1	8019	9031
TTGTGTATGCCACCAA-1	5610	8193
TTGTGTTTCCCGAAAG-1	5541	7594
TTGTTCAGTGTGCTAC-1	5885	4361
TTGTTGTGTGTCAAGA-1	6780	5199
TTGTTTCACATCCAGG-1	4371	8433
TTGTTTCCATACAACT-1	3339	6876
